hour_of_day,day_of_week,month,weekday,temp,dew,humidity,windspeed,cloudcover,increase_stock,is_summer,is_raining,is_snowing,is_visible
0.258819,-0.222521,0.866025,0,-7.2,-15.0,53.68,16.3,31.6,0,0,0,0,0
0.707107,-0.900969,0.866025,1,-1.3,-12.8,40.97,23.9,85.7,0,0,0,0,0
0.707107,-0.900969,-0.5,1,26.9,21.8,73.39,0.0,81.1,0,1,0,0,0
0.965926,0.62349,0.866025,0,3.1,-4.0,59.74,19.2,0.0,0,0,0,0,0
-0.258819,1.0,0.0,1,11.7,-11.4,18.71,10.5,44.6,0,1,0,0,0
-0.258819,-0.900969,0.0,1,27.1,12.8,40.98,13.6,81.3,1,1,0,0,0
0.5,-0.900969,-0.866025,1,30.9,24.3,67.71,20.3,50.3,0,1,0,0,0
1.0,0.62349,1.0,1,4.9,-1.7,62.46,21.5,100.0,0,0,0,0,0
-0.0,1.0,0.866025,1,16.6,13.8,83.56,18.1,88.9,0,1,0,0,0
-0.258819,-0.222521,0.866025,0,-4.5,-12.2,55.14,12.4,24.4,0,0,0,0,0
-0.258819,-0.900969,-0.0,1,18.7,15.0,78.74,9.2,46.2,1,1,0,0,0
0.965926,-0.222521,-0.866025,0,13.5,2.1,46.11,14.2,0.0,0,1,0,0,0
-0.5,-0.222521,-0.0,1,23.2,21.7,91.18,10.6,61.7,0,1,0,0,0
0.0,0.62349,-1.0,1,24.8,22.9,89.07,0.0,90.1,0,1,0,0,1
-0.5,0.62349,0.5,0,3.7,-2.3,65.11,11.0,92.9,0,0,0,0,0
0.965926,0.62349,1.0,0,4.5,-6.6,44.44,7.1,24.4,0,0,0,0,0
-0.0,-0.900969,1.0,1,10.5,-1.0,44.62,0.8,92.7,0,0,0,0,0
-0.5,0.62349,1.0,0,0.0,-12.8,37.61,14.8,0.0,0,0,0,0,0
0.707107,-0.222521,-0.0,1,23.2,21.2,88.49,16.4,79.3,0,1,0,0,0
0.0,1.0,-0.866025,1,24.2,21.7,86.23,15.6,90.1,0,1,0,0,1
-0.866025,-0.222521,-0.5,0,17.7,12.9,73.11,7.1,100.0,1,1,0,0,0
-0.258819,0.62349,-0.0,1,21.6,5.6,35.2,13.5,24.4,1,1,0,0,0
1.0,-0.222521,0.866025,0,12.8,11.3,90.18,12.2,99.6,0,0,0,0,0
0.258819,-0.900969,1.0,1,6.6,1.5,69.97,19.9,99.8,0,0,0,0,0
0.965926,1.0,-0.866025,1,23.7,21.1,85.64,7.3,81.1,0,1,0,0,1
-0.258819,0.62349,0.5,1,17.1,14.3,83.55,5.3,100.0,1,1,0,0,1
-0.866025,0.62349,1.0,1,1.0,-6.1,59.27,0.0,26.2,0,0,0,0,0
-0.5,-0.900969,1.0,1,10.7,2.8,58.05,7.3,96.4,0,0,0,0,0
0.965926,1.0,0.5,1,17.1,12.8,75.84,17.8,79.3,0,1,0,0,0
0.965926,-0.222521,-0.866025,1,11.6,7.1,74.04,20.2,35.9,0,1,0,0,0
-0.866025,1.0,0.866025,1,12.3,2.2,50.24,16.2,0.0,0,1,0,0,0
-0.5,1.0,0.866025,1,10.0,-3.9,37.53,31.1,48.1,0,1,0,0,0
-0.866025,-0.222521,-0.5,0,24.9,22.1,84.38,0.0,76.2,0,1,0,0,0
-0.5,1.0,-0.866025,1,31.6,16.1,39.32,9.1,80.3,0,1,0,0,0
-0.866025,0.62349,-0.866025,0,19.4,16.7,83.97,12.6,71.4,0,1,0,0,0
-0.258819,-0.900969,0.0,1,21.0,9.4,47.47,20.0,44.6,1,1,0,0,0
-0.866025,1.0,0.0,1,7.8,4.3,78.92,6.1,99.2,0,1,0,0,1
0.5,-0.900969,-1.0,1,19.2,16.6,84.53,5.4,0.0,0,1,0,0,0
-0.866025,-0.222521,-0.0,0,22.8,16.6,68.14,12.6,97.8,1,1,0,0,0
-0.5,-0.900969,0.866025,1,12.3,-2.9,34.75,5.6,24.4,0,0,0,0,0
-0.5,-0.900969,0.866025,1,8.7,6.1,83.86,8.9,24.4,0,1,0,0,0
0.965926,0.62349,-0.0,1,19.7,14.9,74.24,7.1,98.8,0,1,0,0,0
-0.0,-0.222521,0.0,0,7.8,-8.4,30.9,18.7,46.6,0,1,0,0,0
-0.866025,-0.900969,-0.866025,1,27.2,23.3,79.32,12.2,97.2,0,1,0,0,0
0.5,1.0,-0.5,1,25.0,21.1,78.86,25.2,87.5,0,1,0,0,1
-0.965926,-0.222521,-0.5,0,22.3,13.7,58.5,29.8,82.3,1,1,0,0,0
0.5,-0.900969,0.866025,1,-0.7,-9.0,53.58,10.6,79.3,0,0,0,0,0
-0.965926,-0.900969,0.866025,1,11.7,7.2,74.23,5.4,100.0,0,1,0,0,1
-0.0,-0.222521,-0.866025,1,32.2,22.1,55.42,15.6,85.6,1,1,0,0,0
0.707107,-0.222521,0.5,0,-0.1,-9.4,49.58,33.9,25.4,0,0,0,0,0
-0.965926,-0.222521,0.5,0,1.7,-7.8,49.52,19.2,99.6,0,0,0,0,0
-0.707107,-0.900969,-0.5,1,11.7,9.7,87.55,17.3,100.0,0,1,1,0,1
-0.5,-0.900969,-0.5,1,32.4,23.2,58.3,10.3,88.9,1,1,0,0,1
-0.258819,1.0,-0.866025,1,25.7,9.3,35.57,7.0,24.4,1,1,0,0,0
-0.866025,-0.222521,1.0,0,15.5,12.2,80.5,27.3,88.9,1,0,0,0,0
0.5,-0.900969,-0.5,1,23.2,22.2,93.7,9.3,94.3,0,1,0,0,0
1.0,1.0,-0.866025,1,26.9,22.1,75.08,9.9,24.4,0,1,0,0,0
-0.258819,-0.900969,0.5,1,4.2,-6.6,45.11,22.5,82.9,0,0,0,0,0
0.5,0.62349,-0.5,0,15.9,3.5,43.45,7.4,83.9,0,1,0,0,0
0.965926,0.62349,-1.0,0,24.8,20.6,77.28,17.8,79.3,0,1,0,0,0
-1.0,-0.900969,-0.866025,1,19.9,14.4,70.65,9.5,100.0,0,1,0,0,0
0.258819,0.62349,1.0,1,5.5,2.1,78.47,11.0,99.2,0,0,0,0,1
-0.5,0.62349,-0.5,1,32.2,23.7,60.65,17.7,79.3,0,1,0,0,0
0.965926,-0.900969,-0.866025,1,11.4,6.5,71.81,9.0,44.6,0,1,0,0,0
-0.965926,-0.222521,-1.0,1,24.9,5.7,28.98,22.0,26.4,0,1,0,0,0
0.707107,1.0,0.0,1,9.8,-0.7,48.31,7.4,79.3,0,1,0,0,0
-0.965926,-0.900969,-0.866025,1,28.9,12.1,35.48,7.6,91.1,0,1,0,0,0
-1.0,-0.900969,0.0,1,14.9,12.8,87.32,14.0,24.4,1,1,0,0,0
-0.707107,-0.900969,-0.5,1,32.3,23.6,60.06,6.7,48.2,0,1,0,0,1
0.258819,-0.222521,-0.866025,1,10.5,-3.8,36.23,11.3,99.6,0,1,0,0,0
0.5,1.0,0.5,1,18.7,16.2,85.44,17.6,100.0,0,1,0,0,0
0.707107,1.0,0.866025,1,4.3,-6.2,46.59,27.2,27.3,0,1,0,0,0
-0.965926,-0.222521,-1.0,1,32.9,22.1,52.99,13.0,44.6,0,1,0,0,0
0.258819,-0.900969,0.0,1,9.2,7.8,91.28,8.9,90.1,0,1,0,0,1
-0.258819,0.62349,-0.5,0,17.7,15.1,84.41,28.1,100.0,0,1,0,0,0
-0.866025,-0.222521,0.5,0,25.0,16.6,59.8,21.8,81.3,1,1,0,0,0
-0.965926,0.62349,-0.5,0,29.2,22.8,68.43,21.9,79.3,1,1,0,0,0
-0.707107,1.0,-0.5,1,33.3,24.2,59.1,16.8,82.9,1,1,0,0,0
0.965926,-0.222521,-0.5,0,24.7,19.9,74.44,12.3,98.8,0,1,0,0,0
-0.258819,-0.222521,0.0,1,10.6,-12.2,18.87,34.8,0.0,1,1,0,0,0
-0.258819,-0.900969,-0.5,1,11.6,9.4,85.87,20.2,99.6,0,1,1,0,1
0.707107,-0.900969,0.5,1,16.7,14.2,85.44,17.9,100.0,0,1,1,0,1
1.0,1.0,-0.5,1,26.4,24.2,87.74,9.0,61.2,0,1,0,0,1
0.0,-0.900969,-0.5,1,19.9,15.6,76.08,5.6,79.3,0,1,0,0,0
0.5,-0.222521,-0.5,0,24.8,22.9,88.92,7.1,89.1,0,1,0,0,1
-0.965926,1.0,-0.5,1,14.9,-0.8,34.22,19.8,46.6,0,1,0,0,0
0.965926,1.0,0.866025,1,10.6,6.5,75.47,4.8,0.0,0,1,0,0,0
-0.0,1.0,1.0,1,9.4,1.0,55.78,13.1,44.6,0,0,0,0,0
-0.707107,0.62349,-0.0,1,22.2,18.5,79.82,5.2,35.4,0,1,0,0,0
0.965926,0.62349,0.5,1,2.2,-2.8,69.61,11.8,24.4,0,0,0,0,0
0.866025,-0.222521,-0.866025,1,24.1,18.9,72.57,11.6,68.0,0,1,0,0,0
-0.0,0.62349,-0.5,0,12.8,-5.0,28.68,11.8,45.4,1,1,0,0,0
-0.258819,-0.900969,1.0,1,0.1,-5.8,64.4,4.8,44.6,0,0,0,0,0
-0.5,-0.900969,-0.5,1,13.2,-0.7,38.29,18.4,99.8,1,1,0,0,0
-0.965926,0.62349,1.0,0,4.3,1.1,79.62,22.0,91.1,0,0,0,0,0
-0.258819,-0.900969,0.5,1,-0.1,-2.9,81.65,17.9,100.0,0,0,0,1,0
-0.965926,1.0,0.0,1,9.3,-3.4,40.59,24.9,24.4,0,1,0,0,0
-0.258819,-0.222521,0.5,0,7.5,5.9,89.56,0.0,46.2,0,1,0,0,0
0.5,0.62349,-0.5,0,16.1,12.8,80.73,27.7,100.0,0,1,0,0,0
0.866025,0.62349,-0.5,0,28.4,22.8,71.41,15.9,44.6,0,1,0,0,0
-0.5,1.0,-0.866025,1,14.4,0.0,37.21,29.8,86.1,0,1,0,0,0
0.258819,-0.222521,0.5,1,16.6,15.6,93.95,20.1,100.0,0,1,0,0,1
0.5,-0.900969,0.0,1,11.0,9.4,89.58,12.6,100.0,0,1,0,0,1
0.5,-0.900969,0.5,1,3.8,-4.4,55.22,19.8,94.5,0,0,0,0,0
-0.5,-0.900969,1.0,1,6.1,-6.1,41.3,9.3,97.4,0,0,0,0,0
-0.5,1.0,-1.0,1,17.8,5.2,43.36,0.4,83.9,0,1,0,0,0
0.866025,-0.900969,-0.5,1,14.8,8.3,64.67,17.7,89.1,0,1,0,0,0
-0.866025,-0.222521,0.866025,0,11.9,10.3,89.65,9.9,24.4,0,1,0,0,1
-1.0,1.0,-1.0,1,26.0,4.3,24.84,18.3,50.0,1,1,0,0,0
0.866025,-0.900969,-0.0,1,21.0,19.3,90.41,0.5,99.2,0,1,1,0,1
0.707107,1.0,-0.866025,1,21.1,10.6,51.02,31.4,99.2,0,1,0,0,0
-0.5,-0.222521,-0.5,0,9.2,2.9,64.76,7.4,24.4,0,1,0,0,0
-0.965926,0.62349,0.5,0,2.2,-13.9,29.4,15.9,24.4,0,0,0,0,0
0.5,-0.900969,-0.5,1,23.6,20.0,80.06,12.4,79.3,0,1,0,0,0
0.707107,0.62349,-1.0,0,24.2,18.8,71.86,17.9,79.3,0,1,0,0,0
0.0,1.0,-1.0,1,24.3,18.8,71.29,21.4,33.7,0,1,0,0,0
-0.866025,-0.900969,0.866025,1,-3.4,-14.4,42.4,17.7,79.3,0,0,0,1,0
-0.5,0.62349,-0.866025,0,27.1,23.9,82.45,5.6,24.4,0,1,0,0,0
0.965926,-0.222521,0.0,0,2.8,-10.8,36.22,24.1,0.0,0,1,0,0,0
-0.707107,0.62349,-0.866025,1,22.8,18.3,75.4,11.4,44.6,0,1,0,0,0
-1.0,0.62349,-1.0,0,28.9,19.8,57.83,21.9,46.6,1,1,0,0,0
-0.258819,-0.222521,-0.5,0,27.8,21.7,69.66,15.8,61.2,1,1,0,0,0
-0.0,-0.222521,-0.866025,1,21.5,9.4,45.84,20.2,84.7,1,1,0,0,0
0.0,-0.900969,-0.5,1,21.3,18.7,85.31,5.2,0.0,0,1,0,0,0
0.866025,0.62349,0.866025,0,13.3,9.4,77.26,0.7,98.8,0,1,0,0,0
0.866025,-0.900969,-0.866025,1,15.4,11.7,78.69,6.7,44.6,0,1,0,0,0
-0.5,-0.222521,0.0,1,15.5,-7.2,20.28,11.3,0.0,0,1,0,0,0
-0.5,-0.222521,-0.866025,0,33.2,18.8,42.58,16.4,44.6,1,1,0,0,0
0.258819,-0.222521,-0.866025,0,30.4,20.2,54.43,8.7,49.3,1,1,0,0,0
-0.5,-0.900969,0.866025,1,16.1,8.3,59.83,6.9,99.2,1,1,0,0,0
-0.258819,-0.900969,0.5,1,18.7,15.8,83.2,8.9,100.0,0,1,0,0,0
0.866025,-0.222521,0.866025,1,7.7,4.3,78.99,12.8,97.3,0,1,0,0,0
-0.866025,0.62349,1.0,1,5.5,-11.7,27.66,27.1,24.4,0,0,0,0,0
-0.0,0.62349,-0.5,1,28.0,18.5,56.25,37.4,98.2,0,1,0,0,0
0.707107,0.62349,0.0,0,15.2,1.6,39.78,5.4,24.4,0,1,0,0,0
-0.5,-0.900969,-0.0,1,24.3,23.3,94.58,13.7,100.0,0,1,1,0,1
0.965926,-0.900969,0.866025,1,3.0,-4.0,60.18,7.4,79.3,0,1,0,0,0
0.5,0.62349,0.866025,1,6.6,-5.1,43.23,31.6,45.4,0,1,0,0,0
0.866025,1.0,0.866025,1,3.1,-1.2,73.76,0.4,79.3,0,0,0,0,0
0.866025,0.62349,-1.0,1,23.1,21.1,88.4,7.1,80.3,0,1,0,0,0
-0.258819,-0.900969,0.0,1,9.3,7.2,86.96,7.5,100.0,0,1,1,0,1
-0.5,1.0,0.866025,1,-0.1,-9.5,49.15,13.3,79.3,0,0,1,1,0
0.258819,-0.222521,0.5,1,20.9,17.8,82.56,7.3,81.3,1,1,0,0,0
0.258819,-0.222521,-0.5,0,12.5,7.6,72.07,4.9,45.4,0,1,0,0,0
0.5,-0.222521,0.866025,0,9.1,7.7,91.08,0.4,0.0,0,1,0,0,1
0.707107,0.62349,0.866025,1,4.9,2.1,82.59,6.7,98.8,0,0,0,0,0
0.5,0.62349,-0.866025,0,16.1,2.6,40.38,15.7,24.4,0,1,0,0,0
0.5,-0.900969,1.0,1,2.7,-2.1,70.55,10.7,100.0,0,0,1,1,0
0.707107,-0.900969,-0.5,1,13.2,8.9,75.33,11.9,96.4,0,1,1,0,0
0.866025,0.62349,-0.5,0,7.4,-0.1,59.05,0.0,89.1,0,1,0,0,0
1.0,0.62349,-0.5,0,18.6,16.7,88.58,5.5,92.9,0,1,0,0,1
-0.707107,-0.222521,0.0,0,3.8,-3.9,57.3,38.2,100.0,0,1,0,0,0
-0.866025,0.62349,0.866025,1,9.9,2.8,60.93,11.1,98.1,0,1,0,0,0
-0.965926,-0.900969,0.0,1,18.4,11.5,64.31,20.6,93.8,0,1,0,0,0
-0.965926,0.62349,0.0,0,13.8,0.7,40.76,27.0,87.5,1,1,0,0,0
-0.258819,-0.900969,-0.5,1,21.4,19.2,87.53,8.7,24.4,0,1,0,0,0
-0.258819,-0.900969,-0.866025,1,23.9,21.8,88.54,26.7,96.1,0,1,1,0,1
-0.258819,-0.222521,-0.866025,0,20.5,17.1,80.88,10.5,62.2,0,1,0,0,0
-0.258819,0.62349,0.5,0,18.7,17.2,90.89,6.7,89.3,0,1,0,0,0
-0.5,-0.222521,0.866025,1,6.6,-7.9,34.79,31.7,85.8,0,0,0,0,0
0.5,0.62349,0.866025,0,2.8,-5.0,56.41,18.2,24.4,0,0,0,0,0
-0.965926,-0.222521,-0.5,0,14.2,12.3,87.86,5.5,100.0,1,1,0,0,0
-0.965926,0.62349,-0.0,1,24.9,21.1,79.81,9.2,59.8,0,1,0,0,0
0.0,1.0,-0.5,1,14.3,8.3,67.17,13.9,89.3,0,1,0,0,0
-0.258819,-0.222521,1.0,0,7.8,-3.9,43.55,33.0,89.7,0,0,0,0,0
0.707107,-0.222521,-0.0,1,20.8,11.3,54.42,12.2,79.3,0,1,0,0,0
0.258819,-0.900969,-0.866025,1,28.7,10.2,31.61,14.3,44.6,1,1,0,0,0
-0.707107,-0.900969,0.5,1,9.1,6.5,83.64,0.1,25.3,0,1,0,0,0
-0.258819,-0.900969,1.0,1,8.4,2.6,67.02,17.0,99.2,0,0,0,0,0
0.707107,-0.900969,0.866025,1,3.8,-3.3,59.9,31.1,86.5,0,0,0,0,0
-0.866025,-0.222521,-0.5,1,27.3,14.3,44.96,15.1,82.9,1,1,0,0,0
1.0,1.0,0.866025,1,11.6,10.6,93.61,0.4,49.5,0,1,0,0,1
0.965926,-0.900969,0.866025,1,10.5,5.8,72.4,10.7,100.0,0,1,0,0,0
-0.866025,-0.222521,-1.0,0,26.0,20.0,69.83,5.2,86.8,0,1,0,0,0
-0.965926,-0.222521,-0.0,0,22.2,16.2,68.73,16.2,63.5,1,1,0,0,0
0.707107,1.0,-0.5,1,12.0,-2.1,37.4,25.9,46.4,0,1,0,0,0
-0.965926,0.62349,0.866025,0,11.9,0.0,43.97,11.2,24.4,1,1,0,0,0
-0.258819,-0.900969,-0.0,1,24.3,23.3,94.6,12.4,76.2,0,1,1,0,1
0.965926,1.0,0.0,1,-1.3,-15.0,34.44,25.2,24.4,0,1,0,0,0
1.0,-0.222521,0.866025,1,4.3,1.0,79.37,18.4,100.0,0,0,0,0,0
0.965926,-0.222521,1.0,1,10.6,-0.5,46.32,7.8,100.0,0,0,0,0,0
-0.965926,-0.900969,1.0,1,11.9,2.9,53.9,13.0,25.3,0,0,0,0,0
-0.258819,-0.222521,-0.5,0,16.2,4.7,46.55,14.4,99.3,0,1,0,0,0
-0.707107,1.0,-0.866025,1,23.0,17.9,72.93,12.5,44.6,0,1,0,0,0
-0.866025,-0.900969,0.866025,1,11.5,7.8,77.95,5.0,89.9,0,1,0,0,0
0.866025,-0.222521,-0.5,1,16.1,7.1,55.2,23.7,24.4,0,1,0,0,0
-1.0,1.0,-0.866025,1,28.4,19.2,57.45,16.7,44.6,1,1,0,0,0
-0.866025,-0.222521,-0.5,0,27.1,21.2,70.04,11.3,79.3,1,1,0,0,0
0.965926,0.62349,-0.866025,0,13.0,4.2,55.23,14.0,24.4,0,1,0,0,0
0.0,-0.222521,0.5,1,19.9,18.4,91.07,12.4,100.0,0,1,1,0,1
-0.5,-0.222521,-0.5,0,26.0,19.4,67.11,19.1,91.1,1,1,0,0,0
0.866025,0.62349,-0.5,1,17.9,3.4,38.26,9.0,24.4,0,1,0,0,0
0.258819,-0.900969,0.866025,1,11.5,-0.1,44.99,7.4,0.0,0,1,0,0,0
-0.0,1.0,-0.5,1,27.7,12.8,39.87,17.6,51.0,1,1,0,0,0
-0.707107,-0.900969,1.0,1,14.4,10.6,77.98,14.4,86.1,1,0,0,0,0
0.5,-0.222521,0.5,1,-0.4,-5.8,66.77,4.8,24.4,0,0,0,0,0
-0.5,1.0,0.5,1,9.2,6.1,80.93,12.6,89.1,0,0,0,0,0
1.0,0.62349,0.5,0,19.8,15.6,76.74,17.4,98.8,0,1,0,0,0
0.866025,-0.222521,0.866025,1,20.7,20.7,99.89,0.8,99.8,0,1,1,0,1
-0.866025,-0.222521,0.5,1,21.0,10.0,49.32,32.3,24.4,0,1,0,0,0
-0.0,-0.222521,-0.5,0,24.3,10.8,42.65,20.9,44.6,1,1,0,0,0
-0.258819,-0.900969,1.0,1,4.9,-7.9,39.1,5.2,0.0,0,0,1,0,0
0.5,0.62349,-0.5,0,23.7,20.7,83.66,17.3,100.0,0,1,0,0,0
-0.5,0.62349,-0.5,0,6.6,-1.1,57.71,16.8,88.9,0,1,0,0,0
1.0,0.62349,0.5,1,-0.8,-6.2,66.89,9.0,79.3,0,0,0,1,0
-0.965926,1.0,0.5,1,19.9,8.7,48.49,21.8,45.6,0,1,0,0,0
0.258819,0.62349,0.866025,0,8.3,5.7,83.65,14.3,100.0,0,0,0,0,0
1.0,-0.222521,1.0,0,9.8,6.3,78.54,0.0,100.0,0,0,0,0,0
-0.258819,-0.222521,0.866025,0,7.1,-7.2,35.55,17.6,81.1,0,1,0,0,0
1.0,0.62349,-0.0,1,25.5,21.1,76.8,16.3,98.6,0,1,1,0,0
-0.0,-0.222521,0.866025,1,8.3,-1.7,49.58,21.9,30.5,1,1,0,0,0
0.866025,1.0,-0.5,1,13.9,4.9,54.71,8.7,44.6,0,1,0,0,0
-0.258819,-0.900969,-1.0,1,23.4,20.7,84.8,13.0,100.0,0,1,1,0,1
0.707107,-0.222521,1.0,1,9.7,6.1,78.31,6.7,80.3,0,0,0,0,0
-0.258819,-0.900969,1.0,1,12.2,-1.0,39.99,0.5,90.9,0,0,0,0,0
-0.5,-0.222521,-0.0,0,22.7,19.3,81.48,7.1,86.1,0,1,0,0,0
-0.5,-0.222521,0.5,0,10.0,-6.1,31.54,5.4,88.9,1,0,0,0,0
0.5,-0.222521,-0.866025,0,25.7,19.9,70.37,18.2,87.5,0,1,1,0,1
0.258819,-0.900969,-0.866025,1,28.1,21.8,68.68,14.1,84.4,1,1,0,0,0
0.258819,0.62349,-1.0,0,21.5,20.0,90.93,8.3,100.0,0,1,0,0,1
0.866025,1.0,0.5,1,4.2,1.1,80.17,25.4,99.8,0,0,0,0,0
0.0,-0.222521,0.5,1,17.1,16.6,97.1,6.7,100.0,0,1,1,0,1
-0.258819,-0.900969,0.5,1,17.8,15.7,87.24,14.7,100.0,0,1,1,0,1
0.707107,-0.222521,-0.866025,1,19.8,15.8,77.7,5.5,83.9,0,1,0,0,0
0.707107,0.62349,0.866025,0,4.7,-1.2,65.38,8.3,0.0,0,1,0,0,0
-0.965926,0.62349,0.866025,1,6.7,-2.9,50.54,11.5,24.4,0,0,0,0,0
0.5,1.0,-0.0,1,22.7,20.0,84.79,5.2,55.3,0,1,0,0,0
-0.866025,0.62349,-0.866025,0,12.8,7.9,72.08,17.9,100.0,0,1,0,0,0
0.965926,-0.222521,-0.5,1,18.9,13.2,69.53,11.2,79.3,0,1,0,0,0
-0.866025,-0.222521,-0.866025,1,17.7,13.3,75.26,14.4,99.2,0,1,0,0,0
0.258819,1.0,-0.5,1,4.7,-0.8,67.52,7.3,0.0,0,1,0,0,0
1.0,-0.900969,-0.5,1,14.9,12.3,84.22,15.7,91.1,0,1,0,0,0
0.258819,0.62349,-0.0,1,14.1,7.2,63.38,20.9,53.5,0,1,0,0,0
-0.965926,-0.900969,0.5,1,19.2,7.0,45.02,16.9,45.6,0,1,0,0,0
0.5,-0.900969,0.5,1,13.7,12.1,90.08,0.1,26.4,0,1,0,0,0
-0.965926,-0.900969,0.0,1,9.9,8.8,92.73,11.1,100.0,0,1,1,0,1
0.866025,-0.900969,0.5,1,8.5,2.9,67.83,17.8,84.5,0,0,0,0,0
-0.0,-0.222521,-1.0,0,29.0,18.1,51.6,5.2,90.9,1,1,0,0,0
-0.965926,0.62349,0.866025,0,10.3,-1.7,43.0,11.2,44.6,0,1,0,0,0
-0.5,0.62349,-0.5,1,13.2,3.8,52.91,9.2,45.6,0,1,0,0,0
-0.5,0.62349,0.0,0,4.9,-10.0,33.14,16.8,20.8,0,1,0,1,0
-0.965926,-0.222521,-1.0,1,25.6,16.0,55.56,13.4,97.4,0,1,0,0,0
-0.707107,-0.222521,0.0,0,21.7,13.3,58.82,20.9,84.7,1,1,0,0,0
0.707107,0.62349,-0.5,0,21.9,17.9,77.74,9.9,24.4,0,1,0,0,0
0.965926,-0.222521,0.5,0,9.3,-2.2,44.38,14.5,89.1,0,0,0,0,0
-0.258819,0.62349,0.866025,1,7.2,6.2,93.53,5.5,100.0,0,0,0,0,0
0.258819,0.62349,-0.866025,1,19.9,17.9,88.18,17.6,83.1,0,1,1,0,0
0.965926,1.0,-1.0,1,21.8,11.9,53.23,6.7,24.4,0,1,0,0,0
-1.0,1.0,0.0,1,17.6,-0.6,28.97,22.7,45.6,0,1,0,0,0
-0.965926,-0.222521,0.5,0,13.4,6.1,61.31,11.1,27.2,1,1,0,0,0
-0.707107,-0.222521,-0.866025,0,30.0,12.5,34.2,17.9,83.9,1,1,0,0,0
-0.5,-0.900969,0.866025,1,0.5,-3.0,77.44,9.2,25.3,0,0,0,0,0
0.965926,-0.222521,0.5,1,15.4,11.6,78.01,10.9,44.6,0,1,0,0,0
-0.866025,-0.900969,-0.866025,1,25.5,22.2,82.12,8.7,57.9,0,1,0,0,0
-0.5,-0.900969,-1.0,1,23.3,14.3,56.66,12.6,24.4,0,1,0,0,0
-0.258819,0.62349,0.5,0,18.8,7.9,49.25,22.3,85.7,1,1,0,0,0
-0.965926,1.0,1.0,1,5.5,-1.6,59.98,9.3,100.0,0,0,0,0,0
0.5,-0.900969,0.5,1,5.6,0.0,67.53,23.0,92.7,0,0,1,0,1
0.707107,-0.222521,-0.5,1,19.2,12.2,63.73,7.3,79.3,0,1,0,0,0
-0.258819,0.62349,0.866025,0,1.6,-5.1,61.31,12.5,0.0,0,0,0,0,0
0.965926,-0.900969,-0.5,1,24.8,22.8,88.8,7.5,36.3,0,1,0,0,0
0.707107,-0.900969,-0.5,1,26.3,19.9,68.03,15.4,81.1,0,1,0,0,0
1.0,-0.900969,0.5,1,13.9,10.8,81.41,26.1,95.4,0,0,0,0,0
-0.965926,-0.900969,0.5,1,20.0,13.3,65.49,25.0,24.4,0,1,0,0,0
0.965926,0.62349,0.866025,1,5.9,-4.0,49.25,7.2,0.0,0,1,0,0,0
0.866025,0.62349,-0.5,0,14.0,6.1,58.99,4.8,99.6,0,1,0,0,0
-0.5,1.0,0.866025,1,8.8,-4.1,39.93,22.0,0.0,0,1,0,0,0
-0.707107,-0.900969,0.5,1,16.7,16.2,96.58,17.7,100.0,0,1,1,0,1
-0.866025,-0.900969,-0.5,1,33.4,22.3,52.03,14.2,46.6,0,1,0,0,0
-0.866025,1.0,-0.866025,1,27.2,22.8,77.21,11.4,90.1,0,1,0,0,0
0.965926,0.62349,0.866025,1,16.3,10.7,69.27,22.0,80.3,0,0,0,0,0
-0.965926,1.0,0.5,1,10.5,-1.6,42.77,13.2,91.1,0,0,0,0,0
-0.707107,0.62349,-1.0,1,27.1,10.6,35.6,9.4,81.3,1,1,0,0,0
0.258819,0.62349,-0.5,1,23.8,22.1,90.57,14.7,82.9,1,1,1,0,0
-0.5,0.62349,-0.5,0,13.7,-3.0,31.42,16.4,24.4,1,1,0,0,0
0.0,0.62349,-1.0,1,17.8,8.1,52.81,10.9,24.4,0,1,0,0,0
-0.5,0.62349,-0.5,1,33.7,18.9,41.77,12.0,44.6,0,1,0,0,0
-0.965926,-0.222521,-0.0,1,28.7,22.3,68.41,30.8,89.6,0,1,0,0,0
0.965926,1.0,0.866025,1,0.0,-1.2,91.92,12.6,100.0,0,0,1,0,1
0.5,-0.222521,0.5,0,4.8,-5.6,46.76,7.3,89.1,0,0,0,0,0
0.866025,-0.222521,-0.5,0,18.5,16.6,88.35,10.1,45.4,0,1,0,0,1
0.258819,0.62349,-0.0,1,20.5,18.8,89.91,9.2,99.6,0,1,1,0,1
-0.5,0.62349,-0.866025,1,26.0,17.8,60.46,11.1,80.3,0,1,0,0,0
-0.866025,1.0,-1.0,1,27.9,22.1,70.72,18.1,0.0,0,1,0,0,0
-0.965926,0.62349,-0.5,0,20.6,9.6,49.27,4.8,44.6,1,1,0,0,0
0.5,-0.222521,0.866025,1,6.5,0.6,65.94,9.0,84.5,0,0,0,0,0
0.866025,-0.222521,-0.866025,0,24.0,21.1,84.01,5.2,44.6,0,1,0,0,1
-1.0,-0.222521,-1.0,1,22.1,6.8,37.15,10.5,24.4,0,1,0,0,0
-0.707107,0.62349,-0.866025,0,32.1,22.8,57.99,20.1,82.3,1,1,0,0,0
1.0,-0.222521,1.0,1,0.3,-7.2,57.12,6.7,47.8,0,0,0,0,0
-0.707107,-0.900969,0.5,1,3.2,-1.8,69.7,12.4,0.0,0,0,0,0,0
-0.5,-0.222521,0.866025,1,5.6,-2.8,54.56,13.4,89.8,0,0,0,0,0
0.965926,0.62349,0.866025,1,17.1,15.0,87.37,9.9,24.4,0,1,0,0,0
1.0,0.62349,0.0,0,-3.9,-13.8,46.09,31.4,24.4,0,1,0,1,0
1.0,0.62349,-0.5,0,25.3,17.9,63.34,14.3,26.2,0,1,0,0,0
0.0,-0.222521,0.866025,0,-3.4,-6.7,77.66,26.7,97.3,0,0,0,1,1
0.965926,-0.900969,0.5,1,19.0,17.6,91.77,5.2,79.3,0,1,0,0,0
-0.965926,-0.222521,0.5,1,5.0,-3.8,52.78,5.1,94.3,0,0,0,1,0
0.258819,-0.900969,-0.866025,1,28.8,12.8,37.29,27.9,0.0,0,1,0,0,0
-0.707107,1.0,0.5,1,-3.4,-12.2,50.75,13.5,0.0,0,0,0,1,0
-0.866025,-0.222521,0.866025,0,2.1,-5.7,56.38,24.4,100.0,0,0,0,0,0
-0.258819,0.62349,-0.5,1,23.2,21.1,87.98,7.4,24.4,0,1,0,0,0
-0.258819,0.62349,1.0,1,6.0,-4.0,48.75,12.4,100.0,0,0,0,0,0
-0.707107,1.0,0.866025,1,-0.9,-8.8,55.08,0.1,0.0,0,1,0,0,0
0.258819,0.62349,0.866025,1,3.5,1.0,83.45,5.2,25.3,0,1,0,0,0
-0.965926,-0.900969,-1.0,1,28.2,12.2,37.09,22.8,82.9,1,1,0,0,0
-0.258819,-0.900969,0.866025,1,2.8,1.1,88.87,17.3,99.2,0,0,1,0,1
0.707107,-0.900969,0.866025,1,2.1,-0.9,81.01,7.2,25.3,0,1,0,0,0
0.258819,0.62349,-1.0,1,22.7,20.1,85.06,9.2,94.4,0,1,0,0,0
0.258819,-0.900969,0.5,1,16.9,7.7,54.75,7.3,25.3,1,1,0,0,0
0.866025,-0.222521,0.5,0,-1.7,-3.4,88.08,19.2,100.0,0,0,0,1,1
-0.707107,-0.900969,-0.5,1,33.3,21.7,50.75,9.5,65.7,1,1,0,0,0
0.5,-0.222521,0.0,0,10.4,-8.8,24.93,8.7,79.3,0,1,0,0,0
-1.0,-0.222521,-0.5,1,18.2,2.8,35.82,18.3,26.4,1,1,0,0,0
0.866025,0.62349,0.866025,1,8.6,-6.6,33.47,7.1,0.0,0,1,0,0,0
-0.965926,-0.222521,0.0,1,13.8,1.6,43.54,10.7,24.4,0,1,0,0,0
0.866025,-0.900969,-0.5,1,25.6,14.7,50.85,5.5,0.0,0,1,0,0,0
-0.5,1.0,-0.866025,1,21.0,-1.0,22.78,12.9,0.0,1,1,0,0,0
0.258819,-0.900969,-0.866025,1,26.6,9.4,33.83,23.6,44.6,1,1,0,0,0
-0.258819,1.0,-0.866025,1,21.0,0.5,25.44,11.6,0.0,1,1,0,0,0
-1.0,-0.900969,0.866025,1,1.0,-10.2,42.87,28.9,44.6,0,0,0,0,0
0.258819,1.0,1.0,1,0.8,-3.1,75.28,7.1,24.4,0,0,0,0,0
-0.965926,0.62349,0.866025,1,6.6,0.6,65.68,10.8,100.0,0,1,0,0,0
0.0,-0.900969,0.5,1,13.2,10.6,84.28,5.2,100.0,0,1,0,0,0
-0.5,-0.900969,0.866025,1,15.6,-0.7,32.72,9.6,25.3,0,1,0,0,0
0.707107,1.0,0.866025,1,2.6,1.5,92.64,7.3,79.3,0,0,0,0,1
-0.866025,-0.222521,0.5,0,24.4,15.6,58.16,17.3,44.6,1,1,0,0,0
0.0,-0.222521,-0.5,0,23.6,20.7,83.88,4.8,100.0,0,1,0,0,0
0.707107,1.0,-0.866025,1,24.7,20.7,78.3,8.9,79.3,0,1,0,0,1
-1.0,-0.900969,0.5,1,7.8,-3.8,43.84,43.7,82.3,0,0,0,0,0
-1.0,0.62349,0.0,1,11.9,-6.5,27.08,5.5,79.3,0,1,0,0,0
0.707107,1.0,1.0,1,1.3,-4.1,67.37,8.9,24.4,0,0,0,0,0
0.866025,1.0,0.866025,1,2.7,1.6,92.5,7.5,81.3,0,0,0,0,1
-0.965926,-0.222521,-0.866025,0,19.9,2.9,32.29,9.4,32.7,1,1,0,0,0
-0.965926,-0.222521,0.866025,0,1.0,-14.4,30.49,33.0,25.3,0,0,0,0,0
0.965926,-0.222521,0.5,1,9.1,5.4,77.59,0.0,79.3,0,0,0,0,0
0.707107,1.0,0.866025,1,11.0,8.3,83.37,5.9,99.6,0,1,0,0,0
-0.965926,-0.222521,0.866025,1,8.6,0.7,57.79,5.8,0.0,0,1,0,0,1
-0.5,1.0,0.5,1,9.1,5.5,78.2,0.0,26.4,0,1,0,0,0
1.0,-0.900969,1.0,1,8.8,4.4,73.74,12.4,96.4,0,0,0,0,0
-0.866025,-0.900969,-0.5,1,24.3,13.9,52.24,17.9,46.4,0,1,0,0,0
-0.258819,0.62349,0.5,0,22.7,16.8,69.2,16.4,96.4,1,1,0,0,0
0.866025,-0.222521,0.5,0,13.0,7.1,67.43,8.6,82.2,0,1,0,0,0
-0.965926,-0.900969,1.0,1,11.8,2.9,54.39,16.8,79.3,0,0,0,0,0
0.5,0.62349,-0.866025,1,23.6,19.3,76.77,10.8,79.3,0,1,0,0,0
0.866025,-0.222521,-0.866025,1,14.6,5.4,53.92,12.2,24.4,0,1,0,0,0
0.258819,1.0,0.0,1,9.3,-6.1,33.17,12.4,24.4,1,1,0,0,0
0.965926,-0.222521,0.5,1,19.7,17.7,88.56,0.0,44.6,0,1,0,0,1
0.965926,-0.900969,1.0,1,1.0,-9.4,45.99,15.9,0.0,0,0,0,0,0
0.707107,-0.222521,-0.5,0,10.9,-0.7,44.85,17.9,79.3,0,1,0,0,0
-0.5,0.62349,-0.866025,1,17.1,11.1,67.85,19.9,99.2,1,1,0,0,0
-0.707107,1.0,-1.0,1,27.1,8.1,30.18,25.3,24.4,1,1,0,0,0
0.707107,-0.222521,0.5,0,15.0,5.9,54.42,5.2,0.0,0,1,0,0,0
0.707107,1.0,1.0,1,4.3,2.8,90.04,7.1,100.0,0,0,0,0,1
0.258819,-0.900969,0.866025,1,10.4,8.7,89.52,0.5,79.3,0,1,0,0,1
0.707107,1.0,1.0,1,5.6,1.2,73.2,12.9,89.3,0,0,0,0,0
-0.866025,-0.222521,0.866025,1,9.5,6.0,78.65,0.5,0.0,0,1,0,0,0
0.707107,-0.900969,-0.5,1,25.8,19.0,65.97,0.0,86.1,0,1,0,0,0
0.866025,-0.900969,-0.866025,1,11.2,5.6,68.49,0.0,89.1,0,1,0,0,0
-0.866025,0.62349,0.5,1,6.6,4.4,85.94,7.5,100.0,0,0,0,0,1
0.707107,-0.222521,-0.866025,0,7.1,-7.2,35.37,18.4,24.8,0,1,0,0,0
0.965926,1.0,-0.866025,1,20.8,18.1,84.99,8.9,44.6,0,1,0,0,0
0.965926,-0.900969,-0.866025,1,23.2,20.6,85.59,10.5,83.1,0,1,0,0,1
-0.0,-0.222521,0.5,1,12.8,-1.1,38.24,18.0,49.0,1,1,0,0,0
-0.965926,0.62349,-0.5,1,29.2,18.3,51.77,14.4,82.3,0,1,0,0,0
0.965926,-0.222521,1.0,1,7.8,-2.0,50.11,25.4,99.6,0,0,0,0,0
0.258819,0.62349,1.0,1,1.9,-1.5,78.6,0.0,79.3,0,0,0,0,0
0.258819,-0.222521,-0.866025,0,21.3,13.3,60.34,12.2,81.1,0,1,0,0,0
0.0,0.62349,0.5,0,11.9,4.5,60.51,12.8,0.0,0,1,0,0,0
-0.0,1.0,-1.0,1,31.1,22.1,58.73,19.8,44.6,1,1,0,0,0
0.258819,1.0,1.0,1,3.0,-7.7,45.02,12.2,24.4,0,0,0,0,0
-0.5,-0.900969,0.5,1,24.3,15.6,58.27,12.6,90.1,1,1,0,0,0
-0.5,-0.900969,-0.5,1,32.8,22.2,53.76,25.3,51.3,0,1,0,0,0
-0.258819,-0.900969,0.866025,1,2.7,-1.3,74.49,4.8,79.3,0,0,0,1,0
-0.866025,-0.222521,-0.5,0,14.0,3.6,49.41,7.1,81.3,0,1,0,0,0
-0.258819,-0.900969,0.5,1,12.0,10.5,90.85,5.0,25.3,0,1,0,0,0
0.5,0.62349,0.5,1,-3.6,-7.9,71.72,7.4,0.0,0,0,0,1,0
0.258819,0.62349,-1.0,1,23.2,15.6,62.1,14.5,89.1,1,1,0,0,0
-0.258819,-0.900969,1.0,1,9.3,7.9,91.1,0.0,100.0,0,0,0,0,1
-0.866025,1.0,-0.0,1,22.9,17.7,72.6,5.0,24.4,1,1,0,0,0
1.0,-0.222521,-0.5,1,13.0,8.8,75.45,5.2,79.3,0,1,0,0,0
0.707107,-0.222521,-0.866025,1,28.9,19.1,55.32,12.3,24.4,0,1,0,0,0
-0.258819,-0.900969,-0.0,1,12.7,7.2,69.33,19.7,82.2,1,1,0,0,0
0.5,1.0,0.866025,1,3.1,-2.8,65.01,7.3,28.2,0,0,0,0,0
-0.965926,-0.900969,-1.0,1,25.9,19.9,69.28,11.2,64.9,0,1,0,0,0
0.258819,0.62349,-1.0,0,18.9,4.8,39.4,15.8,44.6,0,1,0,0,0
0.965926,-0.900969,0.866025,1,16.5,14.4,87.08,8.0,88.9,0,0,0,0,0
0.965926,-0.900969,0.866025,1,6.0,-3.9,49.34,22.0,93.4,0,0,0,0,0
-0.866025,-0.900969,1.0,1,11.0,0.0,46.43,27.7,26.6,0,0,0,0,0
-0.5,0.62349,-0.866025,0,34.3,19.2,41.01,14.8,79.3,1,1,0,0,0
0.5,-0.222521,-0.866025,0,25.5,20.6,74.41,15.6,58.7,0,1,0,0,0
-1.0,-0.222521,0.866025,0,5.0,-6.7,42.61,10.9,82.2,0,1,0,0,0
-0.866025,-0.222521,0.5,1,25.7,11.7,41.72,16.6,24.4,0,1,0,0,0
1.0,-0.900969,1.0,1,16.5,3.4,41.73,18.8,45.6,0,0,0,0,0
-0.707107,0.62349,-0.5,0,15.5,-4.5,24.92,8.9,24.4,1,1,0,0,0
0.707107,0.62349,-0.5,0,24.0,21.6,86.47,0.0,44.6,0,1,0,0,1
-0.707107,0.62349,1.0,0,3.2,-3.3,62.06,14.1,46.2,0,0,0,0,0
-0.258819,-0.222521,0.5,1,4.8,-2.1,60.85,6.2,96.4,0,0,0,1,0
-0.258819,0.62349,0.866025,0,15.1,7.1,59.05,14.2,24.4,1,0,0,0,0
0.0,-0.222521,-0.866025,1,7.8,2.5,69.4,6.7,24.4,0,1,0,0,0
0.866025,1.0,-0.866025,1,27.9,20.7,65.04,7.1,52.3,0,1,0,0,0
0.707107,-0.900969,0.866025,1,11.7,10.7,93.34,9.3,96.0,0,1,1,0,0
-0.707107,-0.900969,-0.866025,1,31.9,15.7,37.76,5.4,47.6,1,1,0,0,0
-0.0,0.62349,0.866025,0,13.8,6.1,59.79,12.1,24.4,0,0,0,0,0
0.258819,0.62349,-0.0,0,25.5,19.0,67.06,8.7,32.7,1,1,0,0,0
-1.0,1.0,-0.5,1,26.0,22.7,81.73,13.8,89.3,1,1,0,0,0
0.5,1.0,-1.0,1,26.6,16.3,53.3,9.2,62.6,1,1,0,0,0
-0.5,1.0,-1.0,1,24.3,19.4,74.1,14.5,89.1,1,1,0,0,0
-0.965926,-0.900969,-0.866025,1,25.3,17.0,59.88,24.8,81.3,0,1,0,0,0
0.707107,1.0,-0.5,1,11.9,7.7,75.42,6.7,88.9,0,1,0,0,0
0.965926,1.0,0.5,1,1.6,0.6,93.16,9.0,79.3,0,0,0,0,1
0.965926,-0.900969,-0.866025,1,25.7,13.0,45.32,20.8,44.6,0,1,0,0,1
-0.707107,-0.900969,1.0,1,3.8,2.7,92.91,11.6,24.4,0,0,0,0,1
-0.707107,0.62349,-0.866025,0,26.5,18.0,59.36,0.0,79.3,1,1,0,0,0
-0.707107,0.62349,-0.866025,0,21.7,8.2,41.95,13.2,84.3,1,1,0,0,0
-0.707107,-0.222521,0.866025,1,6.0,0.7,69.08,0.7,24.4,0,1,0,0,0
-0.965926,0.62349,0.5,1,11.0,7.8,80.32,25.2,100.0,0,1,0,0,1
-1.0,-0.900969,0.866025,1,10.5,-1.2,43.97,34.6,46.4,0,0,0,0,0
-0.0,-0.900969,-0.5,1,19.9,7.2,43.67,27.2,79.3,1,1,0,0,0
0.866025,0.62349,0.5,0,-3.9,-16.7,36.25,21.5,0.0,0,0,0,0,0
0.0,0.62349,0.866025,0,4.7,1.5,79.91,10.6,44.6,0,1,0,0,0
-0.965926,1.0,0.5,1,0.6,-0.7,90.96,11.6,100.0,0,0,1,0,1
0.5,0.62349,-0.0,1,14.7,7.3,60.97,19.2,53.5,0,1,0,0,0
0.707107,-0.900969,-0.5,1,12.7,10.7,87.63,7.1,96.0,0,1,0,0,0
-0.965926,-0.900969,-0.866025,1,28.8,20.6,61.53,12.3,88.2,1,1,0,0,1
0.5,0.62349,-1.0,0,21.5,19.9,90.93,0.4,92.7,0,1,0,0,1
-1.0,-0.222521,0.5,0,16.1,2.2,39.31,23.8,79.3,1,0,0,0,0
0.866025,0.62349,1.0,1,1.4,-6.7,54.92,5.2,26.2,0,0,0,0,0
-1.0,-0.900969,-0.0,1,21.1,14.4,65.56,4.8,55.5,0,1,0,0,0
0.258819,-0.222521,1.0,0,16.1,8.5,60.78,13.3,98.8,0,0,0,0,0
0.0,1.0,0.5,1,21.6,17.8,79.16,12.5,99.2,0,1,0,0,0
0.866025,-0.900969,-1.0,1,23.8,15.8,60.77,5.0,78.9,0,1,0,0,0
1.0,-0.900969,0.866025,1,12.1,9.9,86.52,0.8,89.1,0,1,0,0,1
0.5,-0.222521,-0.5,1,21.9,16.8,72.58,0.4,70.1,0,1,0,0,0
-0.866025,-0.900969,0.866025,1,2.8,-3.8,61.83,10.6,100.0,0,0,0,0,0
0.965926,-0.222521,-0.5,1,6.1,-6.2,40.97,15.4,24.4,0,1,0,0,0
-0.5,-0.900969,-1.0,1,21.1,19.4,90.36,12.4,100.0,0,1,1,0,1
-0.5,0.62349,0.866025,0,0.7,-3.5,73.2,0.0,44.6,0,0,0,0,0
-0.0,-0.900969,-0.5,1,18.3,-7.2,17.03,13.9,0.0,1,1,0,0,0
-0.258819,0.62349,0.5,1,0.6,-1.2,87.53,25.5,100.0,0,0,1,1,1
-0.5,-0.900969,0.0,1,14.8,13.3,90.51,19.7,100.0,0,1,1,0,1
-0.258819,-0.222521,-0.866025,1,33.7,20.7,46.7,9.6,66.3,1,1,0,0,0
-0.866025,-0.900969,1.0,1,10.0,1.1,53.74,5.2,0.0,0,0,0,0,1
-0.866025,0.62349,0.0,1,14.3,2.1,43.65,13.2,81.1,0,1,0,0,0
-0.258819,-0.222521,1.0,1,14.2,7.2,62.66,7.5,79.3,0,0,0,0,0
-0.258819,1.0,-0.5,1,23.7,19.4,76.99,10.5,100.0,0,1,0,0,0
-0.965926,-0.222521,0.5,0,9.3,2.8,63.63,16.0,89.7,1,1,0,0,0
0.707107,-0.900969,-0.866025,1,24.1,21.1,83.6,12.2,79.3,0,1,0,0,1
-0.965926,-0.222521,0.0,1,8.7,-4.4,39.21,31.0,25.3,0,1,0,0,0
0.707107,1.0,1.0,1,4.9,1.1,76.83,8.7,96.4,0,0,0,0,0
0.866025,0.62349,1.0,0,2.7,-5.6,54.14,22.6,44.6,0,0,0,0,0
0.965926,0.62349,-0.866025,1,23.3,16.7,66.19,7.4,79.3,0,1,0,0,0
-0.866025,-0.222521,0.5,1,20.7,16.7,78.1,7.9,95.6,0,1,0,0,0
-0.866025,-0.900969,1.0,1,9.3,-1.8,45.67,14.8,84.5,0,0,0,0,0
0.707107,0.62349,-0.866025,0,23.9,16.9,64.83,6.7,24.4,0,1,0,0,0
-0.258819,-0.900969,-0.866025,1,14.8,9.5,70.24,11.0,45.6,0,1,0,0,0
0.5,0.62349,0.866025,0,1.6,-2.8,72.48,10.8,0.0,0,1,0,0,0
0.707107,-0.222521,0.0,1,7.8,3.0,71.7,10.5,92.8,0,1,0,0,0
-0.866025,-0.222521,-0.0,1,25.7,19.9,70.5,16.4,44.6,0,1,0,0,0
0.866025,-0.222521,-0.5,1,23.2,20.0,81.81,9.4,47.1,0,1,0,0,1
0.5,-0.222521,0.866025,1,4.6,2.0,82.69,8.7,44.6,0,1,0,0,0
0.965926,0.62349,0.866025,0,3.6,-2.8,63.3,9.0,0.0,0,1,0,0,0
0.0,1.0,-0.866025,1,15.0,8.0,62.76,30.9,80.3,0,1,0,0,0
0.707107,1.0,0.5,1,2.7,-7.8,45.7,14.6,0.0,0,0,0,0,0
-0.866025,-0.222521,0.5,0,4.9,-7.7,39.63,13.4,84.7,0,0,0,0,0
-0.5,-0.900969,0.866025,1,1.5,-0.9,84.27,5.2,82.2,0,1,0,0,0
0.965926,1.0,-1.0,1,20.5,11.6,56.6,12.9,52.9,0,1,0,0,0
0.707107,0.62349,-0.866025,0,25.3,18.4,65.73,0.0,50.2,0,1,0,0,0
-0.258819,-0.222521,0.866025,1,9.3,8.3,93.7,12.6,99.5,0,1,1,0,1
-0.965926,-0.222521,-1.0,1,22.0,17.1,73.86,21.7,100.0,0,1,0,0,0
0.707107,1.0,0.5,1,14.0,10.0,76.87,7.8,65.7,0,1,0,0,0
0.0,-0.900969,-0.866025,1,12.7,10.7,87.45,0.5,90.1,0,1,1,0,1
-0.965926,-0.900969,0.0,1,10.5,-2.3,40.79,11.9,24.4,0,1,0,0,0
-0.258819,1.0,-0.866025,1,21.6,9.5,46.12,15.8,94.4,1,1,0,0,0
-0.258819,1.0,-0.866025,1,28.2,14.2,42.11,19.6,0.0,1,1,0,0,0
-0.258819,-0.900969,-0.5,1,13.3,-0.5,38.68,16.7,100.0,0,1,0,0,0
0.866025,0.62349,1.0,1,0.9,-6.1,59.35,7.0,47.6,0,0,0,0,0
-0.258819,-0.222521,-0.5,0,12.7,-1.6,37.01,18.3,96.0,1,1,0,0,0
0.965926,-0.222521,0.866025,1,5.8,-0.8,62.29,0.0,0.0,0,1,0,0,0
-0.965926,-0.222521,1.0,1,11.1,5.1,66.34,10.5,99.6,0,0,0,0,0
0.965926,0.62349,0.5,1,5.1,0.4,71.52,9.3,24.4,0,0,0,0,0
-0.965926,-0.222521,0.5,1,4.4,-0.7,69.63,12.6,0.0,0,0,0,0,0
1.0,-0.900969,1.0,1,3.0,-5.6,53.05,10.3,82.2,0,0,0,0,0
0.258819,0.62349,0.5,1,3.4,-1.5,70.28,8.7,24.4,0,0,0,0,0
-0.258819,1.0,-0.866025,1,26.6,21.1,71.97,11.8,80.3,0,1,0,0,0
0.707107,-0.222521,0.0,1,15.0,13.8,93.02,0.2,100.0,0,1,0,0,1
0.965926,-0.222521,0.5,0,10.4,6.0,74.37,5.2,25.3,0,1,0,0,0
0.707107,-0.900969,-0.5,1,26.3,16.8,55.78,12.1,44.6,0,1,0,0,0
0.707107,-0.222521,-0.0,1,14.5,10.6,77.02,4.8,53.5,0,1,0,0,0
-0.258819,-0.222521,-0.5,0,15.0,3.8,47.17,16.3,92.1,1,1,0,0,0
-1.0,0.62349,-0.0,1,27.8,13.8,42.38,15.0,25.3,1,1,0,0,0
-1.0,1.0,-0.866025,1,26.1,13.4,45.43,7.8,26.4,1,1,0,0,0
0.965926,1.0,0.866025,1,1.6,-8.3,47.8,36.4,47.8,0,0,0,1,0
-0.965926,0.62349,0.866025,1,9.3,6.1,80.66,17.4,99.6,0,1,1,0,1
0.965926,-0.222521,0.0,0,5.6,-4.4,48.7,13.3,24.4,0,1,0,0,0
-0.5,1.0,-0.5,1,26.8,22.8,78.85,9.9,27.3,0,1,0,0,0
1.0,-0.222521,-0.5,0,22.7,12.3,51.66,0.0,0.0,0,1,0,0,0
1.0,-0.900969,1.0,1,4.8,-7.8,39.64,12.5,0.0,0,0,0,0,0
0.866025,1.0,0.5,1,2.1,1.1,93.21,10.6,100.0,0,0,1,0,1
-0.707107,-0.222521,0.866025,0,3.2,-11.7,32.6,0.0,44.6,0,0,0,1,0
-0.258819,0.62349,-0.866025,0,32.0,23.3,60.01,24.7,34.7,0,1,0,0,0
-0.258819,0.62349,-0.866025,1,23.1,18.4,75.06,17.2,81.3,0,1,0,0,0
-0.866025,-0.900969,0.0,1,21.7,11.1,50.98,26.0,81.3,1,1,0,0,0
-0.866025,-0.900969,-0.866025,1,30.0,17.8,47.93,18.3,29.0,0,1,0,0,0
-0.0,-0.222521,-1.0,0,32.7,17.2,39.52,17.1,44.6,1,1,0,0,0
0.258819,-0.900969,-0.866025,1,20.8,0.1,25.06,12.9,50.0,1,1,0,0,0
-0.707107,-0.222521,-0.5,0,22.1,11.1,49.88,19.4,0.0,1,1,0,0,0
0.258819,1.0,0.866025,1,7.7,-2.0,50.31,23.9,98.8,0,1,0,0,0
-0.866025,-0.222521,-1.0,1,27.3,23.3,78.88,16.5,88.9,0,1,0,0,1
0.258819,-0.900969,-1.0,1,26.6,17.9,58.89,10.8,24.4,1,1,0,0,0
-0.0,0.62349,-1.0,1,28.2,13.1,39.27,13.0,79.3,1,1,0,0,0
0.5,-0.222521,0.0,0,22.7,9.4,42.79,19.8,79.3,0,1,0,0,0
-0.707107,1.0,-1.0,1,32.7,16.7,38.37,16.5,47.9,0,1,0,0,0
1.0,-0.900969,-0.866025,1,25.8,22.1,80.2,13.5,45.6,0,1,0,0,0
0.0,1.0,0.5,1,1.4,-7.3,52.31,7.8,24.4,0,0,0,0,0
0.707107,-0.900969,0.866025,1,13.5,2.4,46.99,11.0,0.0,0,1,0,0,0
-0.965926,-0.900969,-1.0,1,27.8,13.1,40.43,18.1,24.4,0,1,0,0,0
0.258819,0.62349,-0.5,1,18.2,9.3,56.09,7.9,79.3,0,1,0,0,0
-0.5,0.62349,-0.866025,0,24.9,16.1,58.22,21.4,52.9,0,1,0,0,0
0.866025,-0.222521,0.0,1,13.2,11.2,87.26,11.2,100.0,0,1,0,0,0
-0.866025,-0.900969,-0.866025,1,31.5,20.8,52.94,11.7,84.3,0,1,0,0,0
1.0,-0.222521,0.0,0,15.5,-2.8,28.14,20.4,89.1,0,1,0,0,0
0.707107,-0.900969,-1.0,1,18.7,6.8,45.81,12.5,82.3,0,1,0,0,0
-0.258819,-0.900969,0.5,1,12.2,-8.5,22.76,10.1,0.0,0,0,0,0,0
0.258819,-0.222521,0.866025,1,2.0,-2.4,72.65,0.0,25.3,0,1,0,0,0
-0.866025,0.62349,-0.866025,1,22.7,3.3,28.22,25.3,26.4,0,1,0,0,0
0.965926,-0.900969,0.5,1,6.9,1.1,66.59,10.7,46.2,0,1,0,0,0
1.0,1.0,-0.0,1,16.8,10.0,64.2,7.3,0.0,0,1,0,0,0
-0.866025,0.62349,-0.5,0,13.3,-3.3,31.55,31.0,46.6,1,1,0,0,0
-0.965926,-0.222521,0.866025,1,6.7,1.0,67.16,12.7,89.1,0,0,0,0,0
0.258819,-0.900969,-0.866025,1,22.1,20.7,91.6,16.3,100.0,0,1,0,0,0
-0.965926,0.62349,0.866025,0,7.3,-1.0,55.3,14.6,24.4,0,1,0,0,0
-0.965926,0.62349,-1.0,0,20.6,10.6,52.79,5.8,61.2,1,1,0,0,0
-0.866025,-0.222521,-0.866025,1,32.2,17.1,40.62,8.0,24.4,0,1,0,0,0
-0.258819,-0.900969,1.0,1,2.7,-8.3,44.04,13.4,25.8,0,0,0,0,0
0.5,0.62349,0.866025,1,1.7,-7.7,49.75,33.9,100.0,0,0,0,0,0
0.0,-0.900969,-0.866025,1,23.6,21.6,88.88,4.8,86.5,0,1,0,0,1
0.707107,0.62349,0.866025,0,4.8,-0.8,67.13,10.9,44.6,0,0,0,0,0
-0.866025,0.62349,-0.5,1,28.8,21.1,63.23,18.1,27.2,0,1,0,0,0
0.5,0.62349,0.0,1,9.5,4.7,72.13,5.4,0.0,0,1,0,0,0
-0.258819,-0.222521,-1.0,1,24.9,22.8,88.22,17.9,64.4,0,1,0,0,0
1.0,0.62349,-0.5,0,15.9,13.0,82.48,7.8,89.1,0,1,0,0,0
0.707107,-0.222521,1.0,0,-8.4,-15.6,56.12,14.1,25.3,0,0,0,0,0
0.866025,-0.222521,-0.5,1,16.9,10.0,64.07,0.4,0.0,0,1,0,0,0
0.866025,-0.222521,-1.0,0,26.8,19.4,64.01,0.4,88.9,0,1,0,0,0
0.965926,0.62349,0.866025,0,1.7,-5.0,61.44,11.4,24.4,0,0,0,0,0
0.866025,0.62349,-0.0,1,22.7,20.6,88.15,0.5,69.6,0,1,0,0,0
0.258819,-0.222521,0.866025,0,6.6,-1.2,57.6,13.9,90.1,0,1,0,0,0
-0.707107,-0.900969,-0.866025,1,21.6,12.9,57.63,14.8,82.3,0,1,0,0,0
0.965926,1.0,0.866025,1,4.7,-5.6,47.03,0.8,0.0,0,0,0,0,0
0.866025,0.62349,0.5,1,1.1,-5.1,63.58,34.6,100.0,0,0,0,1,0
0.965926,-0.222521,-0.5,0,16.4,3.6,42.47,0.4,88.3,0,1,0,0,0
0.866025,0.62349,-1.0,0,26.1,20.1,69.84,12.2,56.1,0,1,0,0,0
-0.258819,0.62349,1.0,1,4.3,-6.2,46.53,14.4,85.1,0,0,0,0,0
-0.707107,1.0,-0.0,1,26.0,8.4,32.79,18.1,50.9,1,1,0,0,0
0.707107,-0.900969,1.0,1,10.0,9.0,93.16,0.0,100.0,0,0,0,0,1
-0.965926,0.62349,-1.0,1,27.2,21.7,71.73,14.3,72.0,0,1,0,0,0
0.965926,0.62349,-0.5,1,14.8,7.7,62.27,5.2,94.3,0,1,0,0,0
0.258819,-0.900969,1.0,1,4.2,-7.8,41.08,28.6,26.2,0,0,0,0,0
-1.0,-0.900969,0.866025,1,3.7,-7.2,44.89,8.6,92.8,0,0,0,1,0
0.965926,-0.900969,-0.5,1,13.7,7.9,67.76,13.4,100.0,0,1,0,0,0
-0.866025,0.62349,0.866025,1,11.2,-0.7,43.72,11.3,24.4,0,1,0,0,0
0.707107,1.0,-1.0,1,22.0,12.7,55.55,19.2,68.0,0,1,0,0,0
-0.866025,-0.900969,-0.5,1,21.0,11.1,53.05,10.8,84.3,1,1,0,0,0
0.258819,0.62349,-0.866025,0,26.3,23.1,82.89,0.0,3.2,0,1,0,0,1
-0.258819,0.62349,-0.5,1,25.4,21.6,79.69,7.7,24.4,0,1,0,0,0
0.707107,-0.222521,0.5,1,11.0,7.7,80.17,7.4,0.0,0,1,0,0,1
-0.258819,1.0,1.0,1,19.4,10.7,57.11,22.0,64.4,1,0,0,0,0
0.965926,-0.222521,-0.866025,0,23.5,16.2,63.47,12.1,89.1,0,1,0,0,0
-0.707107,-0.900969,-0.866025,1,25.5,22.3,82.42,9.3,55.0,0,1,1,0,0
-0.5,-0.222521,0.5,0,22.1,17.2,73.64,18.5,94.3,1,1,0,0,0
0.866025,1.0,-0.5,1,11.9,7.2,72.95,10.8,24.4,0,1,0,0,1
-0.0,0.62349,-0.5,0,24.7,10.2,40.08,14.6,98.8,0,1,1,0,0
0.258819,-0.900969,-1.0,1,20.5,18.9,90.3,14.4,100.0,0,1,1,0,1
-0.866025,-0.222521,-0.866025,0,27.1,16.7,52.78,17.9,83.9,1,1,0,0,0
0.707107,-0.222521,0.866025,0,-4.5,-17.8,34.71,29.5,0.0,0,0,0,1,0
0.258819,1.0,0.0,1,8.2,-2.2,47.88,20.7,24.4,0,1,0,0,0
0.0,-0.900969,0.0,1,2.6,1.0,89.3,6.7,89.1,0,1,0,0,1
-0.707107,0.62349,-0.866025,1,27.2,18.9,60.81,14.8,81.1,1,1,0,0,0
-0.5,-0.222521,1.0,0,12.1,9.4,83.28,14.6,99.5,0,0,1,0,0
-0.707107,-0.222521,-0.866025,0,22.7,20.7,88.44,19.4,98.3,0,1,1,0,1
0.965926,0.62349,-0.866025,0,17.1,12.2,72.96,11.0,83.9,0,1,0,0,0
-0.707107,-0.900969,-0.866025,1,17.8,6.7,48.15,23.7,68.5,0,1,0,0,0
-0.707107,1.0,0.866025,1,15.8,8.3,60.91,14.7,98.8,1,0,0,0,0
-0.5,0.62349,0.5,0,1.9,-4.8,61.27,6.7,79.3,0,0,0,0,0
-0.0,0.62349,0.5,0,1.1,-5.0,64.03,14.3,94.3,0,0,0,1,0
0.707107,-0.222521,0.866025,1,20.1,20.1,99.89,9.3,100.0,0,1,1,0,1
-0.5,-0.222521,1.0,1,5.6,-2.1,57.48,7.7,84.5,0,0,0,0,0
-1.0,-0.900969,0.0,1,14.3,0.6,39.25,27.3,91.1,0,1,0,0,0
-0.965926,-0.222521,-0.5,0,28.7,20.7,61.93,9.6,82.5,1,1,0,0,0
-0.5,1.0,0.0,1,10.6,-8.5,25.36,11.2,79.3,1,1,0,0,0
-0.258819,-0.900969,-0.0,1,20.6,2.8,30.87,26.9,0.0,1,1,0,0,0
0.5,-0.900969,0.5,1,16.0,14.3,89.51,8.9,99.6,0,1,1,0,1
-0.5,-0.222521,-0.866025,0,23.2,15.6,62.29,17.7,32.7,0,1,0,0,0
0.965926,-0.900969,0.866025,1,12.1,8.9,80.72,0.7,79.3,0,1,0,0,1
-0.258819,0.62349,-0.5,1,14.9,13.3,90.49,7.2,100.0,0,1,0,0,1
0.707107,-0.222521,0.5,0,-8.4,-18.4,44.13,22.1,0.0,0,0,0,0,0
-1.0,1.0,1.0,1,5.6,3.9,89.04,12.7,100.0,0,0,1,0,1
-0.0,-0.900969,0.866025,1,7.1,-1.2,55.57,29.0,100.0,1,0,0,0,0
1.0,-0.900969,-0.866025,1,23.3,20.0,81.97,23.1,100.0,0,1,0,0,0
-0.707107,-0.222521,0.5,1,21.6,10.6,49.58,27.6,24.4,1,1,0,0,0
-0.965926,-0.222521,0.0,0,20.5,12.9,61.4,25.6,89.3,1,1,0,0,0
-0.965926,-0.222521,0.5,1,-0.7,-12.2,41.44,13.4,81.1,0,0,0,1,0
0.0,1.0,-1.0,1,13.0,4.4,55.97,7.1,79.3,0,1,0,0,0
0.965926,0.62349,-0.0,1,15.5,5.0,49.59,16.4,27.2,0,1,0,0,0
0.5,0.62349,1.0,1,8.3,1.8,63.45,7.3,89.3,0,0,0,0,0
-0.965926,-0.222521,-0.5,0,17.8,1.5,33.44,14.3,96.8,1,1,0,0,0
-0.866025,0.62349,0.866025,1,3.7,-2.7,62.84,9.0,100.0,0,1,0,0,0
-1.0,-0.900969,0.866025,1,9.9,0.6,52.18,5.4,91.1,0,1,0,0,0
0.258819,-0.900969,-0.866025,1,24.3,22.9,92.03,7.5,72.9,0,1,0,0,1
0.5,0.62349,-0.5,1,24.3,21.2,82.8,0.1,60.5,0,1,1,0,0
-0.5,1.0,0.866025,1,8.3,-1.3,51.05,25.3,100.0,0,0,0,0,0
0.258819,-0.222521,0.5,1,22.0,18.9,82.45,0.0,44.6,0,1,0,0,0
0.965926,0.62349,-0.866025,1,18.7,17.2,90.96,10.6,44.6,0,1,0,0,1
0.5,-0.222521,-0.0,0,21.0,18.9,87.74,10.5,98.1,0,1,1,0,1
0.866025,-0.222521,0.0,0,9.2,1.8,59.81,24.1,100.0,0,1,0,0,0
0.5,0.62349,0.866025,1,2.6,-1.8,72.92,10.7,86.1,0,1,0,0,0
-1.0,0.62349,0.5,0,5.5,2.8,82.68,16.4,100.0,0,0,0,0,1
0.866025,-0.900969,0.866025,1,-1.3,-12.9,40.98,24.0,86.1,0,0,0,0,0
0.0,0.62349,-0.866025,0,23.2,18.8,76.55,13.0,81.3,0,1,0,0,0
1.0,-0.222521,-0.5,1,7.8,-2.8,47.13,16.3,86.5,0,1,0,0,0
-0.5,-0.900969,0.866025,1,2.8,-3.9,61.35,15.9,100.0,0,0,0,0,0
-0.5,-0.222521,-0.866025,0,25.5,20.0,71.92,16.0,81.3,0,1,0,0,0
0.258819,-0.900969,0.5,1,3.8,-10.0,35.9,22.8,24.4,0,0,0,0,0
-0.965926,-0.222521,0.5,1,21.2,19.5,90.12,11.4,99.2,0,1,0,0,0
0.965926,-0.900969,0.5,1,12.4,9.6,83.2,26.0,99.6,0,0,0,0,0
-0.5,-0.900969,-0.5,1,28.2,19.4,58.94,11.2,84.7,1,1,0,0,0
-0.0,0.62349,0.866025,1,7.2,6.3,93.54,7.1,99.6,1,0,0,0,1
0.5,-0.900969,0.0,1,19.2,-0.6,26.4,10.4,44.6,0,1,0,0,0
-0.707107,-0.900969,-0.5,1,29.8,14.4,39.14,19.5,26.4,1,1,0,0,0
0.258819,0.62349,0.5,1,1.9,-4.8,61.04,15.6,0.0,0,0,0,0,0
-0.965926,-0.900969,-0.5,1,28.3,14.3,42.48,5.6,26.4,0,1,0,0,0
-0.707107,-0.900969,-0.866025,1,26.7,20.7,69.47,14.8,24.4,0,1,0,0,0
-0.258819,-0.222521,-0.0,0,9.8,2.1,58.91,21.2,32.7,0,1,0,0,0
0.707107,0.62349,-0.5,0,24.2,22.8,92.11,6.7,87.1,0,1,0,0,0
0.258819,0.62349,-0.5,1,9.9,-4.9,34.7,31.3,99.6,0,1,0,0,0
0.5,1.0,0.0,1,11.6,-3.5,34.62,7.1,0.0,0,1,0,0,0
0.707107,-0.222521,0.5,1,20.4,18.8,90.38,6.7,44.6,0,1,0,0,1
0.258819,0.62349,-1.0,0,21.9,18.2,79.42,9.0,44.6,0,1,0,0,1
-0.866025,0.62349,-0.866025,0,18.4,7.7,49.45,16.3,80.3,0,1,0,0,1
0.5,-0.900969,-0.866025,1,13.3,9.9,80.03,14.6,91.7,0,1,0,0,0
-0.965926,1.0,0.866025,1,9.9,-2.7,41.17,29.1,89.3,0,1,0,0,0
0.0,-0.900969,0.866025,1,-1.3,-6.3,68.98,9.0,99.8,0,0,0,0,0
-0.707107,-0.900969,0.866025,1,8.7,0.0,54.44,34.7,89.3,0,0,0,0,0
-0.0,1.0,-0.5,1,18.3,5.6,43.13,18.3,79.3,1,1,0,0,0
0.0,-0.900969,0.0,1,10.0,-0.9,46.82,9.7,94.6,0,1,0,0,0
0.866025,1.0,0.0,1,4.9,-8.5,37.31,8.3,79.3,0,1,0,0,0
-0.5,0.62349,-0.866025,0,26.4,18.1,60.19,0.0,80.3,0,1,0,0,1
-0.5,-0.900969,0.0,1,12.2,-8.2,23.29,27.5,80.3,0,1,0,0,0
-0.866025,-0.222521,-0.0,0,18.5,11.1,61.84,0.0,24.4,1,1,0,0,0
0.707107,-0.900969,-1.0,1,24.8,18.8,69.4,17.1,68.3,0,1,0,0,0
0.258819,-0.900969,0.5,1,4.1,1.6,83.55,10.6,25.3,0,1,0,0,0
-0.965926,1.0,-1.0,1,28.4,22.2,69.01,11.0,26.4,0,1,0,0,0
0.866025,0.62349,-0.5,1,8.7,-3.9,40.79,23.7,96.0,0,1,0,0,0
-0.0,0.62349,-0.0,0,23.3,18.2,72.9,9.4,65.9,1,1,0,0,0
-0.5,-0.900969,0.5,1,13.4,8.3,71.26,9.9,24.4,1,1,0,0,0
0.965926,0.62349,-1.0,1,25.2,19.2,69.36,4.8,79.3,0,1,0,0,0
-0.965926,1.0,0.866025,1,21.4,14.3,64.21,11.0,24.4,0,1,0,0,0
-0.965926,0.62349,0.866025,1,4.3,-2.9,59.6,14.6,99.6,0,1,0,0,0
-0.5,0.62349,0.866025,0,9.3,-5.8,33.9,15.8,44.6,0,0,0,0,0
0.965926,-0.900969,-0.866025,1,27.5,22.2,72.8,10.3,34.5,0,1,0,0,1
-0.707107,-0.900969,0.0,1,5.5,1.6,75.96,14.4,100.0,0,1,1,0,0
-0.258819,-0.222521,0.5,0,-0.7,-8.2,56.72,28.6,28.0,0,0,0,0,0
0.866025,0.62349,-0.5,1,26.2,17.2,57.77,0.2,25.8,0,1,0,0,0
-0.965926,0.62349,-1.0,1,24.9,8.8,35.98,18.4,44.6,0,1,0,0,0
0.707107,0.62349,0.866025,0,8.4,-0.1,55.17,14.0,79.3,0,1,0,0,0
0.866025,-0.900969,0.866025,1,8.3,-1.2,51.11,13.2,79.3,0,1,0,0,0
0.5,-0.900969,0.866025,1,0.7,-3.0,76.15,4.8,24.4,0,1,0,0,0
-0.5,-0.900969,0.5,1,3.8,-7.3,44.35,20.2,98.8,0,0,0,0,0
-0.707107,-0.222521,-0.5,1,20.7,14.0,65.4,7.7,79.3,0,1,0,0,0
-0.5,1.0,0.0,1,7.6,-2.2,50.02,10.8,0.0,1,1,0,0,0
0.707107,0.62349,1.0,0,-9.1,-14.4,65.6,5.0,0.0,0,0,0,0,0
0.0,1.0,-0.866025,1,18.2,17.2,93.66,4.8,83.1,0,1,0,0,1
0.258819,0.62349,-0.866025,0,15.9,12.1,78.22,11.9,70.1,0,1,0,0,0
0.965926,1.0,-0.0,1,22.4,14.4,60.86,0.5,44.6,0,1,0,0,0
0.866025,-0.222521,1.0,1,3.7,-5.7,50.34,12.3,99.8,0,0,0,0,0
-0.5,-0.222521,-0.5,1,14.9,6.6,57.74,12.5,79.3,1,1,0,0,0
-0.5,0.62349,-0.0,0,19.1,15.6,79.79,11.9,0.0,0,1,0,0,0
1.0,0.62349,0.866025,1,5.5,1.1,73.16,0.4,100.0,0,0,0,0,0
-0.707107,-0.900969,0.0,1,8.3,-1.7,49.31,18.4,24.4,0,1,0,0,0
-0.258819,-0.900969,1.0,1,2.8,-0.5,78.61,27.5,99.2,0,0,1,0,0
0.965926,-0.222521,-0.5,0,25.9,20.0,70.1,12.5,79.3,0,1,0,0,0
0.866025,0.62349,-0.0,1,22.6,18.3,76.75,7.3,82.2,0,1,0,0,0
0.965926,-0.900969,0.866025,1,3.6,-5.6,51.03,9.3,0.0,0,1,0,0,0
-1.0,0.62349,0.866025,1,-3.9,-17.2,34.87,18.7,0.0,0,0,0,0,0
-0.965926,0.62349,0.5,0,8.8,6.2,83.81,19.2,98.2,0,1,1,0,0
-0.258819,1.0,-0.866025,1,22.1,17.2,73.85,9.2,87.2,0,1,0,0,0
0.965926,-0.222521,1.0,1,4.8,-1.8,62.6,5.9,24.4,0,0,0,0,0
-0.5,1.0,-0.5,1,17.8,-3.3,23.51,7.5,0.0,1,1,0,0,0
0.258819,-0.900969,0.866025,1,-0.3,-1.5,91.26,0.0,24.4,0,0,0,0,1
0.5,-0.222521,-1.0,0,23.6,11.3,45.92,17.0,44.6,0,1,0,0,0
-0.258819,0.62349,-0.0,0,18.1,14.9,81.42,6.7,24.4,0,1,0,0,0
0.5,-0.222521,-0.866025,0,21.7,20.2,90.86,16.1,99.0,0,1,1,0,1
0.866025,1.0,1.0,1,4.3,1.7,83.17,14.5,29.7,0,0,0,0,0
-0.965926,-0.900969,0.5,1,9.3,-6.7,31.74,9.3,81.3,0,0,0,0,0
0.707107,1.0,0.5,1,13.8,12.8,93.95,12.8,100.0,0,1,0,0,1
0.707107,0.62349,0.5,0,13.6,3.0,48.86,12.4,44.6,0,1,0,0,0
0.0,0.62349,1.0,1,0.5,-6.6,58.84,14.0,44.6,0,0,0,0,0
0.5,-0.222521,-0.5,1,29.9,18.5,50.48,15.7,0.0,1,1,0,0,0
-0.707107,0.62349,0.5,0,5.4,-1.7,59.89,11.3,92.3,0,0,0,0,0
-0.707107,1.0,0.5,1,17.8,13.3,75.06,16.0,100.0,1,1,0,0,0
-0.707107,0.62349,-0.5,1,25.0,12.7,46.23,18.2,24.4,1,1,0,0,0
-0.866025,0.62349,0.0,1,4.8,-11.2,30.19,18.6,24.4,0,1,0,0,0
-0.866025,-0.222521,-0.866025,0,22.0,19.9,87.98,23.0,100.0,0,1,1,0,1
0.965926,-0.222521,0.5,0,1.1,-7.9,51.26,28.6,45.6,0,0,0,0,0
0.965926,0.62349,-0.0,0,17.3,9.4,59.76,7.4,0.0,0,1,0,0,0
0.965926,-0.222521,-0.0,0,19.8,17.1,84.54,8.8,46.2,0,1,0,0,0
0.5,0.62349,-1.0,1,30.3,15.5,40.7,9.9,32.7,0,1,0,0,0
0.0,-0.222521,0.5,0,-8.4,-18.4,44.35,12.8,0.0,0,0,0,0,0
0.258819,-0.222521,0.5,0,19.9,11.7,59.03,17.8,100.0,0,1,0,0,0
0.965926,-0.222521,0.866025,0,5.4,-3.8,51.68,10.6,0.0,0,1,0,0,0
-0.965926,0.62349,0.5,0,11.2,-0.9,43.14,22.3,80.3,1,0,0,0,0
-0.965926,-0.900969,-0.866025,1,19.3,16.8,85.69,15.8,100.0,0,1,0,0,1
-1.0,0.62349,0.5,0,21.6,18.3,81.47,0.2,94.7,1,1,0,0,0
0.707107,0.62349,1.0,1,2.5,-5.1,57.48,10.5,79.3,0,0,0,0,0
0.965926,-0.222521,-0.5,0,21.4,18.4,82.84,15.2,81.3,0,1,0,0,0
-0.965926,1.0,-0.866025,1,29.3,17.8,49.86,11.2,92.8,0,1,0,0,0
-0.866025,1.0,0.0,1,13.8,0.0,38.85,12.8,0.0,0,1,0,0,0
-0.866025,-0.900969,-0.866025,1,30.9,22.1,59.5,18.3,56.2,0,1,0,0,0
0.866025,0.62349,0.5,0,7.1,6.7,96.83,0.0,100.0,0,0,1,0,1
0.707107,0.62349,0.0,0,15.6,4.0,45.95,36.8,99.2,0,1,0,0,0
-0.258819,1.0,-1.0,1,27.0,17.3,55.43,9.6,67.3,1,1,0,0,0
-0.258819,-0.900969,0.0,1,10.5,-1.7,42.36,13.2,82.5,0,1,0,0,0
0.5,-0.222521,0.5,0,8.0,5.5,84.05,0.0,25.3,0,1,0,0,0
0.866025,-0.900969,-0.5,1,13.2,11.2,87.64,8.7,99.6,0,1,0,0,1
-0.707107,-0.900969,1.0,1,8.1,3.3,71.47,11.0,90.9,1,0,0,0,0
-0.965926,0.62349,-0.5,0,21.6,20.0,90.43,16.0,92.7,0,1,1,0,1
-0.965926,-0.900969,0.0,1,7.1,0.0,60.65,19.8,91.1,0,1,0,0,0
0.5,-0.222521,1.0,1,-1.4,-5.1,75.9,5.0,25.3,0,0,0,0,0
-1.0,1.0,-0.0,1,27.7,13.8,42.46,17.8,24.4,1,1,0,0,0
0.5,-0.222521,0.0,1,6.0,4.3,89.0,10.6,100.0,0,1,0,0,1
-0.258819,0.62349,-1.0,0,27.1,21.1,69.55,19.6,52.3,1,1,0,0,0
0.5,0.62349,0.5,0,8.8,7.8,93.67,15.7,100.0,0,1,0,0,1
-0.258819,-0.222521,-1.0,1,18.7,14.9,78.77,21.1,89.7,0,1,0,0,0
-0.866025,-0.900969,-1.0,1,23.3,10.8,45.21,0.9,24.4,0,1,0,0,0
-1.0,0.62349,0.0,1,7.3,0.0,59.98,18.2,93.8,0,1,0,0,0
-0.707107,-0.222521,0.866025,0,21.7,11.1,51.05,0.5,82.2,1,1,0,0,0
-0.866025,-0.222521,-1.0,0,18.8,14.5,75.99,6.0,94.3,0,1,1,0,0
-0.707107,-0.222521,-1.0,0,30.5,18.4,48.43,13.1,89.3,1,1,0,0,0
0.258819,1.0,-0.5,1,11.8,7.7,76.16,0.0,88.9,0,1,0,0,1
0.0,-0.222521,-0.866025,0,7.6,4.9,83.18,4.8,79.3,0,1,0,0,0
0.965926,0.62349,-1.0,0,24.0,18.8,72.97,19.3,44.6,0,1,0,0,0
1.0,0.62349,0.866025,1,7.7,-2.8,47.25,11.5,82.9,0,1,0,0,0
0.866025,0.62349,-0.5,0,19.1,14.0,71.99,5.4,99.2,0,1,1,0,0
-0.866025,-0.222521,-0.5,0,27.1,22.8,77.28,6.9,53.0,1,1,0,0,0
0.965926,-0.900969,1.0,1,7.8,3.9,76.28,26.9,100.0,0,0,0,0,0
-0.866025,-0.222521,0.866025,0,2.1,-4.4,62.01,30.7,100.0,0,0,0,0,0
-1.0,1.0,0.5,1,11.6,5.6,66.68,32.6,98.7,0,1,0,0,0
0.707107,-0.222521,-0.866025,1,23.6,20.7,83.65,6.7,96.0,0,1,0,0,0
-0.707107,-0.222521,-1.0,0,22.8,9.5,42.65,43.8,29.0,1,1,0,0,0
-0.707107,0.62349,0.866025,1,4.9,1.7,79.74,6.7,100.0,0,0,0,0,0
0.0,-0.222521,1.0,0,10.0,7.8,86.48,18.4,100.0,0,0,0,0,0
-0.258819,-0.222521,0.5,1,12.2,7.2,71.47,7.3,89.1,0,1,0,0,0
-0.707107,-0.222521,0.5,1,-0.9,-4.0,79.8,5.2,79.3,0,0,0,0,0
-0.965926,-0.900969,0.866025,1,11.0,-2.7,38.05,0.5,91.1,0,1,0,0,0
-0.707107,-0.222521,-0.5,1,15.0,-3.2,28.43,8.3,26.4,1,1,0,0,0
-0.258819,-0.900969,0.5,1,14.2,9.4,72.7,12.2,82.5,1,1,0,0,0
-0.258819,-0.222521,-0.866025,0,30.6,14.4,37.4,10.8,79.3,1,1,0,0,0
-0.707107,-0.222521,-0.866025,1,18.6,3.8,37.48,15.3,83.9,0,1,0,0,0
-0.965926,-0.900969,-1.0,1,28.8,11.0,33.16,18.0,26.4,0,1,0,0,0
0.707107,-0.222521,-0.866025,1,16.1,6.7,53.57,29.3,44.6,0,1,0,0,0
0.258819,1.0,-0.866025,1,19.3,0.7,28.62,36.3,32.7,0,1,0,0,0
-0.965926,-0.900969,-0.0,1,21.6,18.4,82.09,10.5,90.6,0,1,1,0,0
-0.866025,-0.222521,0.5,0,14.4,9.3,71.36,14.6,25.3,1,1,0,0,0
0.965926,1.0,-0.866025,1,9.3,-1.2,47.9,19.2,99.6,0,1,0,0,0
0.5,-0.222521,-1.0,0,23.7,20.1,80.3,13.5,50.7,0,1,0,0,0
-0.866025,-0.900969,0.0,1,5.5,-10.1,31.53,14.0,24.4,0,1,0,0,0
-0.707107,0.62349,-0.866025,0,14.3,8.4,67.63,10.9,100.0,0,1,0,0,0
0.866025,0.62349,0.0,0,10.7,0.6,49.53,8.9,0.0,0,1,0,0,0
1.0,-0.222521,-0.0,0,19.6,14.8,73.67,6.7,24.4,0,1,0,0,0
-0.707107,-0.222521,-0.5,1,21.6,17.3,76.88,13.8,91.1,0,1,0,0,0
0.5,0.62349,-0.5,1,19.3,7.0,44.58,20.2,24.4,0,1,0,0,0
-0.866025,0.62349,-0.866025,0,32.8,22.8,55.76,16.7,47.3,0,1,0,0,0
0.5,-0.900969,0.866025,1,-0.7,-13.3,37.98,21.0,88.3,0,0,0,0,0
0.866025,-0.222521,-0.0,1,17.1,11.6,70.27,21.4,24.4,0,1,0,0,0
-0.965926,-0.222521,-0.866025,1,23.2,18.8,76.37,10.9,89.7,0,1,0,0,0
-0.707107,0.62349,0.0,0,7.8,-11.2,24.64,27.5,0.0,0,1,0,0,0
0.707107,0.62349,-0.0,0,18.4,14.3,76.83,0.0,0.0,0,1,0,0,0
-0.866025,-0.222521,-0.5,1,21.6,17.9,79.56,0.6,55.5,0,1,0,0,0
0.258819,1.0,-0.866025,1,11.0,6.1,71.66,4.8,54.5,0,1,0,0,0
-0.258819,1.0,-0.0,1,19.3,18.3,94.41,10.9,86.6,0,1,0,0,0
0.0,0.62349,0.5,0,-1.3,-2.8,89.22,11.6,100.0,0,0,0,1,1
-0.707107,-0.900969,0.0,1,9.8,-9.5,24.55,25.3,24.4,0,1,0,0,0
0.707107,-0.900969,0.5,1,20.2,17.1,82.35,0.0,79.3,0,1,0,0,1
-0.866025,0.62349,-0.0,1,20.5,6.1,39.12,11.8,24.4,0,1,0,0,0
0.866025,1.0,0.866025,1,6.0,-6.6,40.05,9.4,0.0,0,1,0,0,0
0.258819,0.62349,-0.5,1,20.5,18.8,90.04,5.6,24.4,0,1,0,0,1
0.965926,0.62349,0.5,0,7.5,3.7,77.01,0.0,0.0,0,1,0,0,0
1.0,0.62349,-0.866025,1,20.6,17.9,84.58,14.4,94.3,0,1,1,0,0
-0.866025,-0.900969,-0.5,1,27.2,19.9,64.27,0.3,82.7,0,1,0,0,0
-1.0,0.62349,1.0,0,6.0,1.1,70.75,17.8,99.6,0,0,0,0,0
-0.258819,-0.900969,-1.0,1,30.0,11.6,32.1,9.4,44.6,1,1,0,0,0
0.258819,0.62349,0.866025,1,16.4,6.2,50.95,10.3,44.6,1,1,0,0,0
0.5,0.62349,0.5,1,1.6,-6.2,56.27,29.1,100.0,0,0,0,1,0
-0.707107,1.0,0.866025,1,-0.1,-12.7,38.34,31.5,44.6,0,0,0,1,0
0.866025,-0.222521,-0.5,0,25.8,20.7,73.44,0.0,79.3,0,1,0,0,0
0.965926,-0.222521,0.866025,0,14.3,8.3,66.97,12.4,100.0,0,1,0,0,0
-0.258819,-0.900969,0.5,1,13.7,12.2,90.34,13.2,70.4,0,1,1,0,0
-1.0,0.62349,1.0,1,2.8,-6.7,49.86,12.8,25.3,0,0,0,0,0
0.866025,0.62349,-0.5,0,24.1,21.7,86.4,5.2,79.3,0,1,0,0,1
0.965926,-0.900969,-0.5,1,25.6,13.8,48.06,14.7,98.8,0,1,0,0,0
0.707107,0.62349,-0.866025,1,22.4,19.3,82.21,15.3,79.3,0,1,0,0,0
0.866025,-0.222521,-0.5,0,14.9,12.3,84.64,16.2,99.0,0,1,1,0,0
0.5,0.62349,0.866025,0,14.3,12.8,90.78,13.3,87.5,0,1,0,0,1
-0.866025,-0.900969,-0.866025,1,33.8,21.1,47.56,19.8,51.3,0,1,0,0,0
-0.866025,-0.900969,1.0,1,1.7,0.7,92.95,12.3,100.0,0,0,1,1,1
-0.965926,1.0,0.866025,1,7.2,-5.7,39.51,34.9,88.9,0,1,0,0,0
-1.0,-0.900969,-0.0,1,21.0,15.6,71.33,16.0,98.8,0,1,0,0,0
0.258819,-0.900969,-1.0,1,22.9,18.2,74.77,0.0,64.2,0,1,0,0,0
0.866025,0.62349,-1.0,1,23.5,15.6,61.22,14.0,79.3,0,1,0,0,0
0.258819,0.62349,-0.5,1,23.2,22.1,93.68,9.0,79.3,0,1,0,0,0
0.5,-0.900969,0.866025,1,2.6,-0.8,77.93,9.9,89.1,0,0,0,0,0
0.5,1.0,0.5,1,0.9,-6.8,56.69,17.4,79.3,0,0,0,1,0
0.866025,-0.900969,-0.866025,1,24.8,21.6,82.5,14.4,96.0,0,1,0,0,0
-0.707107,-0.900969,0.0,1,5.5,-11.7,27.62,33.5,24.4,0,1,0,0,0
-0.707107,0.62349,-0.866025,0,17.7,13.3,75.35,17.3,100.0,0,1,0,0,0
-0.258819,1.0,-1.0,1,31.7,22.2,57.11,23.5,44.6,1,1,0,0,0
0.258819,0.62349,-0.866025,0,33.7,18.8,41.4,5.6,32.7,0,1,0,0,0
0.707107,-0.222521,-0.866025,1,24.2,22.1,88.12,9.0,44.6,0,1,0,0,0
1.0,-0.900969,-0.5,1,10.4,2.8,58.97,24.8,79.3,0,1,0,0,0
0.5,-0.900969,-1.0,1,23.6,10.7,44.08,15.6,24.4,1,1,0,0,0
0.965926,0.62349,0.866025,0,7.5,-0.6,56.18,15.9,82.3,0,1,0,0,0
0.707107,-0.222521,-0.0,0,14.6,12.0,84.25,4.8,0.0,0,1,0,0,0
-0.0,-0.900969,0.5,1,17.6,10.0,61.13,10.7,83.9,1,1,0,0,0
0.258819,0.62349,-0.5,1,23.5,11.1,45.82,5.6,46.4,1,1,0,0,0
0.258819,-0.900969,0.0,1,7.0,-8.9,31.28,5.4,79.3,1,1,0,0,0
-0.0,-0.222521,-1.0,1,33.9,21.5,48.61,20.3,44.6,1,1,0,0,0
-0.258819,-0.900969,-0.0,1,23.7,22.8,94.66,9.2,86.5,0,1,0,0,0
-0.0,-0.222521,0.5,0,16.1,10.1,67.64,7.1,99.6,1,1,0,0,0
-0.5,0.62349,0.0,0,11.1,1.8,52.58,18.0,44.6,0,1,0,0,0
0.707107,-0.900969,0.5,1,-1.3,-4.9,76.07,20.9,100.0,0,0,0,1,1
1.0,-0.900969,-0.0,1,24.8,20.6,77.31,16.6,79.3,0,1,0,0,0
-0.707107,-0.222521,1.0,1,-1.3,-5.7,71.89,5.5,82.2,0,0,0,0,0
-0.0,-0.900969,0.5,1,15.5,-4.3,25.25,16.3,79.3,1,0,0,0,0
-0.866025,-0.900969,1.0,1,11.1,-1.6,41.08,20.2,89.3,0,0,0,0,0
0.866025,0.62349,-0.866025,1,24.1,17.9,68.41,5.5,0.0,0,1,0,0,0
-0.707107,-0.900969,0.866025,1,12.0,-2.2,37.15,5.2,89.1,1,1,0,0,0
-0.866025,0.62349,0.5,0,12.9,6.7,66.05,0.5,24.4,0,1,0,0,0
-0.5,-0.222521,0.866025,1,5.4,4.2,92.17,12.4,81.1,0,0,0,0,1
1.0,-0.222521,-0.5,0,24.0,18.2,70.06,13.7,89.1,0,1,0,0,0
-0.866025,-0.222521,-1.0,0,19.9,15.8,77.22,12.6,100.0,1,1,0,0,0
0.5,1.0,-0.5,1,7.2,5.7,90.55,17.6,100.0,0,1,1,0,1
0.965926,0.62349,-0.0,1,22.0,18.3,79.48,9.1,82.2,0,1,0,0,0
1.0,-0.222521,-0.0,1,14.8,5.6,54.17,12.8,27.2,0,1,0,0,0
0.258819,-0.900969,0.866025,1,4.2,0.0,74.18,8.7,89.1,0,1,0,0,0
-0.5,-0.900969,-0.5,1,28.7,13.4,39.03,21.2,49.2,1,1,0,0,0
0.707107,1.0,-0.0,1,20.4,8.4,46.01,8.9,97.4,0,1,0,0,0
0.0,-0.900969,0.5,1,11.4,8.3,81.37,4.8,24.4,0,1,0,0,0
-0.258819,-0.222521,0.0,1,9.2,0.3,53.73,12.6,98.8,0,1,0,0,0
-0.0,-0.900969,0.5,1,25.9,13.7,46.89,8.9,79.3,1,1,0,0,0
0.0,-0.222521,0.0,1,2.5,-5.0,57.66,0.0,96.0,0,1,0,0,0
1.0,-0.900969,0.0,1,9.6,0.0,50.9,6.7,24.4,0,1,0,0,0
0.707107,-0.222521,-0.866025,1,23.3,17.1,68.4,26.2,96.0,0,1,1,0,1
0.5,-0.222521,-0.866025,1,26.5,21.7,74.78,11.0,79.3,0,1,0,0,0
-0.5,-0.222521,0.0,1,5.5,2.8,83.06,15.7,100.0,0,1,1,0,1
-0.707107,-0.900969,0.5,1,1.2,-7.7,51.45,36.1,88.9,0,0,0,0,0
-0.866025,0.62349,-1.0,0,22.1,6.7,36.81,21.9,24.4,1,1,0,0,0
0.5,-0.900969,-0.866025,1,17.9,14.5,80.42,4.8,24.4,0,1,0,0,0
-1.0,-0.222521,0.866025,1,2.8,-10.0,38.39,25.1,79.3,0,0,0,0,0
-0.258819,-0.222521,-0.5,0,23.3,22.2,93.86,10.8,94.1,0,1,0,0,0
0.965926,1.0,0.5,1,22.7,19.3,81.17,14.0,44.6,0,1,0,0,0
0.5,0.62349,0.866025,1,8.5,-0.6,52.51,5.5,98.8,0,1,0,0,0
0.258819,-0.222521,0.866025,0,-2.3,-11.7,48.74,28.4,24.4,0,0,0,0,0
1.0,0.62349,-1.0,0,24.7,21.0,79.78,12.3,96.0,0,1,1,0,1
0.866025,0.62349,-0.0,0,23.4,19.9,80.89,0.0,24.4,0,1,0,0,1
-0.5,1.0,0.866025,1,20.6,5.6,37.5,19.7,0.0,1,1,0,0,0
0.866025,0.62349,0.0,1,8.1,-2.8,46.02,14.0,79.3,0,1,0,0,0
-0.866025,-0.900969,-0.0,1,21.0,7.8,42.59,16.3,84.8,0,1,0,0,0
1.0,-0.900969,-0.866025,1,23.7,22.8,94.58,9.2,71.7,0,1,0,0,1
0.965926,-0.222521,0.5,1,21.5,18.9,85.09,12.5,100.0,0,1,0,0,1
-0.965926,-0.900969,0.866025,1,13.5,12.9,96.08,0.1,93.5,0,1,0,0,1
-0.258819,-0.900969,-0.0,1,14.7,10.5,75.88,10.8,24.4,0,1,0,0,0
-0.866025,-0.900969,-0.0,1,22.8,17.8,73.33,14.8,96.9,0,1,1,0,0
0.707107,1.0,-0.0,1,25.8,20.5,72.62,6.7,24.4,0,1,0,0,0
-0.5,-0.222521,-0.866025,1,26.6,18.8,62.33,14.5,90.7,0,1,0,0,0
-0.965926,0.62349,0.866025,1,13.0,11.3,89.41,20.9,96.1,0,0,0,0,1
-0.5,0.62349,-0.866025,0,33.7,15.6,33.79,23.8,44.6,1,1,0,0,0
-0.866025,-0.900969,0.866025,1,21.6,20.0,90.63,15.2,100.0,0,1,1,0,1
0.0,-0.222521,-0.5,1,23.5,17.9,70.63,8.3,44.6,0,1,0,0,0
-0.965926,0.62349,1.0,1,4.8,-3.4,55.35,5.6,96.4,0,0,0,0,0
-0.866025,-0.900969,-0.5,1,12.8,11.7,93.21,29.0,100.0,0,1,1,0,1
0.5,-0.222521,-0.5,0,7.4,1.1,64.24,6.7,24.4,0,1,0,0,0
-0.866025,1.0,-0.5,1,26.1,21.7,76.88,7.5,80.3,0,1,0,0,0
-0.258819,0.62349,-0.5,0,10.5,8.7,88.48,14.9,100.0,0,1,1,0,1
0.965926,0.62349,-0.866025,0,17.6,13.8,78.17,10.5,33.7,0,1,0,0,0
0.0,-0.900969,-0.5,1,9.1,3.8,69.52,16.3,82.3,0,1,0,0,0
-0.5,1.0,1.0,1,9.9,-2.8,40.81,16.2,46.2,0,0,0,0,0
0.0,-0.222521,-0.866025,0,21.5,16.2,71.86,12.4,48.4,0,1,0,0,1
-0.866025,0.62349,0.5,1,0.5,-2.1,82.21,24.3,100.0,0,0,1,1,1
0.0,0.62349,-0.5,0,4.4,0.8,77.43,6.7,44.6,0,1,0,0,0
0.707107,0.62349,-0.866025,1,24.8,19.5,72.26,4.8,95.6,0,1,0,0,0
0.258819,1.0,1.0,1,4.6,-1.3,65.42,10.3,89.1,0,0,0,0,0
0.5,-0.222521,0.0,0,6.5,-3.8,47.49,23.4,94.7,0,1,0,0,0
-0.5,0.62349,0.0,1,21.1,-1.1,22.55,16.4,89.1,0,1,0,0,0
-0.707107,-0.900969,0.5,1,16.6,14.5,87.14,13.8,100.0,0,1,1,0,1
-0.866025,1.0,0.5,1,10.5,5.6,71.58,7.4,89.1,0,0,0,0,0
0.965926,-0.222521,-0.866025,0,20.5,17.9,85.21,12.5,100.0,0,1,0,0,1
-1.0,-0.900969,-0.0,1,23.3,10.0,42.95,9.9,24.4,1,1,0,0,0
0.258819,-0.900969,-0.866025,1,25.4,22.8,85.61,17.4,51.3,0,1,0,0,0
-1.0,-0.222521,-0.5,0,11.0,-3.3,36.51,14.7,92.8,1,1,0,0,0
-0.258819,-0.900969,-0.0,1,23.8,21.5,87.46,10.0,94.6,0,1,1,0,1
-1.0,-0.900969,0.5,1,8.9,2.2,62.91,17.8,44.6,0,0,0,1,0
-0.707107,-0.222521,1.0,0,8.9,8.9,99.85,9.2,100.0,0,0,0,0,1
-0.707107,0.62349,-0.0,0,29.3,16.3,45.42,28.6,24.4,1,1,0,0,0
0.258819,-0.222521,0.5,0,-2.1,-7.4,67.13,4.8,24.4,0,0,0,0,0
1.0,-0.222521,1.0,0,3.5,-0.2,76.41,0.0,0.0,0,0,0,0,0
-0.707107,-0.222521,0.5,1,1.6,-2.9,72.3,10.5,89.1,0,0,0,0,0
0.0,-0.222521,0.0,0,2.6,-2.3,70.47,7.1,94.3,0,1,0,0,0
0.965926,-0.222521,-0.5,0,13.8,12.8,94.17,11.2,100.0,0,1,1,0,1
-0.5,0.62349,0.866025,0,0.9,-2.8,76.17,10.8,79.3,0,1,0,0,0
1.0,0.62349,-0.5,0,18.1,13.8,75.99,7.5,98.8,0,1,1,0,1
0.866025,0.62349,-0.866025,0,32.9,21.0,49.81,9.0,44.6,0,1,0,0,0
0.258819,-0.222521,1.0,1,0.9,-1.9,81.79,7.1,24.4,0,0,0,0,0
-0.866025,0.62349,-0.0,1,27.9,15.4,46.46,19.8,45.6,0,1,0,0,0
-0.258819,0.62349,0.866025,1,1.2,-2.5,76.02,9.2,79.3,0,0,0,0,0
-0.707107,-0.900969,-0.866025,1,29.3,21.2,61.78,21.7,70.5,0,1,0,0,0
0.707107,0.62349,0.5,1,16.1,14.9,93.06,8.9,100.0,0,1,0,0,1
-1.0,-0.222521,-0.866025,0,23.7,0.6,21.82,0.5,45.6,1,1,0,0,0
0.965926,0.62349,0.0,0,3.4,-7.4,45.03,7.1,0.0,0,1,0,0,0
0.5,-0.900969,-0.5,1,9.8,4.2,68.55,19.7,79.3,0,1,0,0,0
0.866025,-0.900969,-1.0,1,21.1,19.4,90.04,16.2,94.7,0,1,0,0,0
-0.5,0.62349,0.5,0,2.7,1.1,89.0,9.1,100.0,0,0,1,0,1
-0.5,-0.222521,-0.0,0,27.1,12.7,40.71,12.2,32.7,1,1,0,0,0
1.0,-0.222521,-0.866025,1,9.9,8.3,90.05,6.7,63.7,0,1,0,0,1
0.965926,1.0,0.866025,1,4.9,-3.3,55.36,18.2,100.0,0,0,0,0,0
0.5,0.62349,-0.5,0,10.5,8.7,88.59,14.4,100.0,0,1,1,0,1
-0.5,0.62349,0.0,0,1.4,-3.9,68.16,12.1,79.3,0,1,0,0,0
0.5,-0.900969,-0.866025,1,17.7,16.2,90.58,12.8,100.0,0,1,0,0,1
1.0,-0.222521,0.5,1,2.7,0.7,86.58,14.2,100.0,0,0,0,0,0
-0.866025,0.62349,-1.0,0,26.7,11.5,38.92,18.6,46.6,1,1,0,0,0
-0.707107,0.62349,1.0,0,18.9,7.3,47.02,10.8,81.3,1,0,0,0,0
-0.707107,0.62349,1.0,0,5.5,3.4,85.91,7.4,100.0,0,0,0,0,1
-0.866025,-0.222521,0.866025,1,9.3,-1.7,46.31,11.0,0.0,1,1,0,0,1
-0.5,-0.900969,-0.0,1,17.1,15.1,87.88,13.3,100.0,0,1,1,0,1
-0.5,-0.900969,-0.866025,1,31.1,21.6,57.11,14.7,64.2,0,1,0,0,0
-0.965926,-0.900969,-1.0,1,20.7,19.5,92.87,19.6,100.0,0,1,1,0,1
0.707107,-0.900969,-0.5,1,19.0,2.3,32.91,7.4,82.3,0,1,0,0,0
0.866025,1.0,-0.0,1,19.7,11.7,59.89,14.2,61.2,0,1,0,0,0
-0.258819,-0.900969,-1.0,1,20.6,18.9,90.26,16.0,100.0,0,1,1,0,0
-0.5,-0.222521,0.5,0,-8.4,-18.4,44.48,12.6,44.6,0,0,0,0,0
0.258819,-0.900969,0.5,1,22.0,16.7,72.09,12.4,24.4,0,1,0,0,0
-0.866025,-0.222521,0.866025,1,15.5,3.3,44.02,9.3,25.3,0,1,0,0,0
0.5,0.62349,1.0,0,4.2,-3.3,58.53,7.1,100.0,0,0,0,0,0
-0.5,-0.900969,-0.0,1,17.8,11.2,65.15,23.9,24.4,1,1,0,0,0
-0.5,1.0,-0.5,1,20.5,1.6,28.49,30.5,47.6,1,1,0,0,0
0.5,1.0,0.0,1,4.0,-1.7,66.46,7.4,23.5,0,1,0,0,0
0.707107,-0.900969,-0.866025,1,15.6,5.6,51.59,22.8,24.4,0,1,0,0,0
0.258819,0.62349,0.866025,1,19.9,13.8,67.7,24.0,79.3,1,0,0,0,0
-0.5,1.0,0.0,1,8.7,2.2,63.7,17.7,99.2,1,1,0,0,0
-0.965926,-0.222521,0.0,0,12.1,-9.8,20.55,12.1,81.3,1,1,0,0,0
1.0,-0.900969,0.866025,1,8.9,0.0,53.62,11.4,99.0,0,0,0,1,0
0.0,-0.222521,-0.5,1,7.2,1.1,64.95,4.8,24.4,0,1,0,0,0
-0.965926,-0.900969,0.866025,1,13.0,11.1,88.01,7.3,81.3,0,1,0,0,1
-0.965926,1.0,0.5,1,-0.7,-2.2,89.4,26.8,100.0,0,0,1,1,1
-0.5,0.62349,-0.866025,0,27.1,19.4,62.76,15.8,96.4,1,1,0,0,0
1.0,-0.222521,0.5,1,16.5,14.4,86.88,9.1,99.6,0,1,0,0,0
-0.5,0.62349,-0.0,1,21.1,20.0,93.47,17.6,36.3,0,1,0,0,0
-0.866025,-0.222521,-1.0,0,28.8,16.7,48.23,10.5,24.4,1,1,0,0,0
-0.707107,-0.900969,0.5,1,8.3,5.7,83.48,8.3,90.9,1,0,0,0,0
-0.866025,0.62349,0.0,0,7.3,3.6,76.97,12.6,24.4,0,1,0,0,0
-0.866025,-0.222521,-0.866025,1,17.0,3.7,41.16,13.2,86.1,0,1,0,0,0
0.866025,0.62349,0.866025,1,16.1,15.0,93.27,8.8,100.0,0,1,0,0,1
0.5,-0.900969,-0.5,1,24.7,22.2,85.88,0.0,79.3,0,1,0,0,1
-0.5,-0.900969,-0.866025,1,17.7,14.0,78.68,5.4,95.8,1,1,0,0,0
-0.965926,-0.900969,0.866025,1,18.2,10.7,61.98,10.8,24.4,0,1,0,0,0
0.258819,-0.222521,0.0,0,12.6,5.5,62.14,6.7,24.4,0,1,0,0,0
0.258819,-0.900969,-1.0,1,21.1,20.0,93.6,7.3,100.0,0,1,0,0,0
0.258819,-0.900969,1.0,1,5.5,3.4,85.96,22.2,100.0,0,0,1,0,1
0.258819,1.0,-0.866025,1,26.7,20.7,69.52,14.5,85.8,0,1,0,0,0
0.707107,-0.900969,0.5,1,4.1,-1.9,64.93,5.2,89.1,0,0,0,0,0
0.965926,0.62349,-0.866025,1,22.7,21.1,90.8,6.9,60.1,0,1,1,0,1
-0.5,0.62349,0.0,1,20.5,2.3,29.95,8.5,79.3,1,1,0,0,0
-0.258819,0.62349,-0.0,1,28.8,14.9,42.71,15.0,25.3,1,1,0,0,0
-0.5,-0.222521,0.0,0,15.0,3.8,47.13,20.4,47.8,1,1,0,0,0
0.0,-0.222521,0.5,1,-1.4,-3.5,86.16,4.9,49.3,0,0,0,1,1
-0.258819,-0.222521,0.866025,0,14.9,-2.1,30.82,9.4,46.2,1,1,0,0,0
-0.5,0.62349,0.0,0,4.2,0.7,77.87,14.2,96.0,0,1,1,0,0
1.0,-0.222521,0.866025,0,10.4,1.8,55.31,6.7,0.0,0,1,0,0,0
0.258819,1.0,-0.866025,1,22.0,19.4,85.26,8.3,79.3,0,1,0,0,0
0.5,0.62349,-1.0,1,22.7,10.6,46.49,23.0,62.5,0,1,0,0,0
-0.707107,-0.222521,-0.5,1,18.3,4.2,39.23,12.6,80.7,1,1,0,0,0
0.5,0.62349,0.866025,1,6.8,-4.2,45.35,10.6,87.5,0,0,0,0,0
0.258819,-0.900969,-0.866025,1,20.9,14.3,66.28,19.4,44.6,0,1,0,0,0
-0.258819,1.0,-1.0,1,17.8,11.7,67.59,0.0,0.0,0,1,0,0,0
0.965926,1.0,1.0,1,6.6,4.9,89.36,8.9,98.8,0,0,1,0,1
-0.866025,1.0,0.866025,1,7.2,-6.7,36.52,23.1,86.1,0,0,0,0,0
-0.866025,-0.222521,-0.866025,1,32.1,20.7,51.04,14.2,26.4,0,1,0,0,0
0.707107,-0.222521,-0.0,0,21.8,15.5,67.52,12.8,0.0,0,1,0,0,0
0.707107,-0.900969,-0.866025,1,18.6,14.5,77.14,7.5,24.4,0,1,0,0,0
0.707107,-0.900969,0.0,1,13.3,11.8,90.54,0.4,98.8,0,1,0,0,1
-0.707107,0.62349,0.5,1,-3.1,-8.4,67.2,10.9,24.4,0,0,0,1,0
-0.965926,0.62349,-0.866025,0,24.4,13.9,52.08,7.1,44.6,1,1,0,0,0
-1.0,-0.222521,0.866025,1,2.9,-2.2,69.55,21.9,91.1,0,0,0,1,0
-0.707107,-0.222521,0.0,0,16.2,11.8,75.01,17.7,24.4,0,1,0,0,0
-0.866025,-0.222521,0.5,0,3.9,-5.1,52.09,21.9,81.3,0,0,0,0,0
0.707107,1.0,0.866025,1,0.0,-2.0,86.29,12.1,98.1,0,0,1,0,1
-0.5,0.62349,0.5,1,13.2,10.9,86.14,20.5,99.1,0,0,1,0,1
-0.707107,1.0,0.5,1,14.9,13.4,90.55,5.2,88.9,0,1,0,0,0
-0.866025,1.0,1.0,1,4.9,2.9,86.96,23.1,93.8,0,0,1,0,1
-0.0,-0.222521,0.0,1,14.3,0.2,38.07,21.3,79.3,1,1,0,0,0
0.866025,0.62349,-0.866025,1,15.9,12.7,81.24,10.9,0.0,0,1,0,0,0
1.0,-0.900969,-0.5,1,16.2,3.6,42.96,12.6,98.8,0,1,0,0,0
-0.0,1.0,-0.5,1,27.0,21.1,70.22,12.8,63.2,0,1,0,0,0
0.707107,0.62349,0.866025,0,20.7,18.8,88.87,0.6,86.4,0,1,0,0,1
1.0,0.62349,0.5,1,6.0,3.9,86.09,12.7,100.0,0,0,1,0,1
-0.965926,-0.900969,0.866025,1,13.2,7.8,69.55,5.8,82.2,0,1,0,0,0
0.965926,-0.900969,0.5,1,1.6,-8.9,45.77,26.5,0.0,0,0,0,1,0
1.0,-0.900969,0.0,1,14.3,13.4,94.2,9.3,100.0,0,1,0,0,1
-1.0,-0.222521,-0.0,0,19.9,17.9,88.24,7.8,100.0,1,1,0,0,0
-0.258819,0.62349,-0.0,0,18.8,3.9,37.25,11.3,24.4,1,1,0,0,0
-0.258819,-0.900969,0.0,1,5.6,-0.7,64.19,38.0,100.0,0,1,0,0,0
0.965926,-0.900969,0.866025,1,13.6,11.1,84.61,0.1,48.3,0,1,0,0,0
0.965926,0.62349,-0.0,0,23.8,22.8,94.38,10.5,89.8,0,1,0,0,0
-0.5,-0.222521,0.0,0,7.1,4.5,83.48,8.2,100.0,0,1,0,0,0
0.866025,0.62349,0.0,0,1.6,-12.0,35.42,27.3,83.9,0,1,0,0,0
0.965926,-0.222521,-1.0,0,23.2,20.0,82.47,16.6,98.3,0,1,0,0,0
0.965926,-0.222521,-0.5,0,20.2,14.2,68.37,10.9,0.0,0,1,0,0,0
-0.258819,-0.900969,0.866025,1,16.1,5.0,47.57,16.1,24.4,1,1,0,0,0
-1.0,-0.222521,1.0,0,0.0,-4.0,74.5,6.7,81.3,0,0,0,0,0
-1.0,-0.900969,-1.0,1,28.3,12.0,36.51,16.7,24.4,0,1,0,0,0
-0.965926,1.0,-1.0,1,29.0,22.1,66.38,18.0,79.3,0,1,0,0,0
-0.866025,-0.900969,0.5,1,-1.7,-8.3,60.95,12.6,100.0,0,0,0,1,0
0.866025,-0.900969,-0.866025,1,13.2,11.7,90.41,5.4,96.8,0,1,1,0,0
0.866025,0.62349,-0.866025,0,8.2,5.1,80.65,28.6,100.0,0,1,1,0,1
-0.258819,1.0,-0.866025,1,24.8,22.2,85.69,19.6,89.1,0,1,0,0,0
0.0,1.0,1.0,1,-0.3,-3.5,79.04,5.0,0.0,0,0,0,0,0
-0.258819,-0.900969,-1.0,1,27.2,20.7,67.64,19.3,81.3,1,1,0,0,0
1.0,0.62349,0.866025,0,-1.3,-7.3,63.74,14.5,44.6,0,0,0,1,0
-0.707107,-0.900969,0.0,1,28.3,4.3,21.62,26.7,24.4,1,1,0,0,0
-0.258819,-0.900969,-0.866025,1,22.7,20.7,88.55,5.4,79.3,0,1,0,0,0
-0.0,0.62349,-0.0,1,26.6,20.1,67.46,8.9,63.4,1,1,0,0,0
-1.0,1.0,-0.866025,1,28.8,16.3,46.78,5.6,1.0,0,1,0,0,1
0.866025,0.62349,-0.5,0,16.0,14.4,89.92,11.2,89.1,0,1,1,0,0
-0.258819,-0.222521,0.866025,0,6.1,-3.3,50.94,14.1,100.0,0,0,0,0,0
0.258819,1.0,0.5,1,3.8,1.7,86.5,8.9,24.4,0,0,0,0,0
0.707107,-0.900969,-0.866025,1,21.5,18.5,82.88,9.9,51.3,0,1,0,0,0
-0.965926,0.62349,0.866025,1,12.1,1.1,46.92,27.0,82.2,0,1,0,0,0
-0.5,0.62349,0.5,1,20.3,18.7,90.33,0.0,85.7,1,1,0,0,1
1.0,-0.222521,-1.0,1,27.7,20.6,65.09,16.3,50.7,0,1,0,0,0
-0.965926,0.62349,-1.0,0,21.3,18.4,83.41,12.8,93.2,1,1,1,0,0
-0.707107,-0.900969,0.0,1,4.3,-7.3,42.86,13.2,24.4,1,1,0,0,0
-0.866025,0.62349,0.866025,0,14.2,13.0,92.59,11.1,92.3,0,0,0,0,0
-0.258819,-0.900969,-0.866025,1,20.3,14.3,68.38,12.2,83.1,0,1,0,0,0
0.707107,-0.222521,0.866025,0,18.1,13.2,73.24,12.3,46.7,0,1,0,0,0
0.258819,-0.222521,-0.866025,1,31.1,17.9,45.29,17.8,82.4,1,1,0,0,0
0.707107,0.62349,-0.5,0,21.3,13.5,61.0,6.7,97.4,0,1,0,0,0
-0.866025,1.0,-0.866025,1,20.0,18.5,90.98,14.1,98.8,0,1,0,0,0
0.707107,-0.222521,-0.5,1,25.5,21.8,80.46,9.0,79.3,0,1,0,0,1
-0.866025,-0.900969,0.0,1,11.6,-1.8,39.44,16.8,24.4,0,1,0,0,0
-0.258819,-0.222521,1.0,0,10.6,5.0,68.37,5.4,93.3,0,0,0,0,0
0.965926,-0.222521,-0.866025,0,24.8,21.2,80.56,0.4,92.3,0,1,1,0,1
0.5,-0.900969,-0.866025,1,25.7,17.3,59.92,4.8,0.0,0,1,0,0,0
0.5,-0.900969,-0.866025,1,26.6,11.7,39.53,12.7,86.3,1,1,0,0,0
-0.0,0.62349,-0.5,0,22.1,-0.8,21.63,16.5,24.4,1,1,0,0,0
-0.965926,-0.222521,0.5,1,9.9,0.1,50.45,14.5,99.6,0,0,0,0,0
-0.5,0.62349,-0.866025,0,26.2,13.9,46.62,9.8,48.2,1,1,0,0,0
-0.0,1.0,1.0,1,3.2,-8.8,41.0,10.9,24.4,0,0,0,0,0
-0.965926,1.0,0.866025,1,3.4,-7.7,43.97,7.4,24.4,0,0,0,0,0
-0.707107,-0.900969,-1.0,1,25.5,11.1,40.46,12.5,47.6,0,1,0,0,0
0.258819,-0.900969,0.5,1,14.8,3.3,46.05,15.9,0.0,1,1,0,0,0
0.5,-0.900969,0.5,1,18.2,16.2,88.05,0.7,55.0,0,1,0,0,0
-0.258819,1.0,-0.866025,1,13.8,7.2,64.45,25.3,88.9,0,1,0,0,0
-0.965926,0.62349,-0.5,1,20.1,6.0,39.64,14.3,26.4,1,1,0,0,0
0.258819,-0.222521,0.866025,1,2.8,2.2,95.62,5.3,100.0,0,0,0,1,1
-0.5,0.62349,0.0,1,7.1,1.6,67.72,14.9,100.0,0,1,0,0,0
0.5,1.0,0.866025,1,10.7,-0.1,47.23,11.4,0.0,0,1,0,0,0
1.0,-0.900969,1.0,1,3.2,-4.5,57.36,21.3,89.1,0,0,0,0,0
-0.258819,0.62349,-0.5,1,13.0,2.1,47.59,7.3,24.4,0,1,0,0,0
-0.866025,1.0,-0.866025,1,21.7,8.9,43.91,16.0,82.9,1,1,0,0,0
-0.5,1.0,0.5,1,-1.2,-2.9,88.46,25.0,100.0,0,0,1,1,1
-0.258819,0.62349,-0.5,1,26.1,15.0,50.4,15.6,81.3,1,1,0,0,0
-1.0,-0.222521,0.866025,1,5.8,-1.4,60.04,6.2,44.6,0,0,0,0,1
0.5,-0.900969,0.866025,1,0.6,-8.2,51.78,26.1,88.3,0,0,0,1,0
0.5,-0.222521,-0.0,1,13.9,11.5,85.23,4.8,53.5,0,1,0,0,0
-0.0,0.62349,-0.866025,0,16.0,11.2,73.2,9.6,93.7,0,1,0,0,0
-0.5,1.0,0.5,1,18.2,13.8,75.33,14.2,100.0,1,1,0,0,0
-0.258819,-0.900969,-0.866025,1,30.5,14.3,37.33,16.4,26.2,1,1,0,0,0
0.258819,-0.900969,0.5,1,2.0,0.6,90.24,8.7,100.0,0,0,1,1,1
0.965926,-0.222521,0.5,0,-0.2,-12.9,37.84,18.1,44.6,0,0,0,0,0
0.258819,-0.222521,-0.5,1,26.0,23.9,88.26,11.0,98.8,0,1,0,0,0
-0.866025,-0.222521,0.866025,1,13.8,11.1,84.12,23.8,100.0,0,1,0,0,0
0.965926,1.0,-1.0,1,22.7,9.5,43.01,9.9,81.1,0,1,0,0,0
-0.5,-0.222521,0.5,1,-1.3,-5.0,75.94,8.3,24.4,0,0,0,0,0
0.866025,-0.900969,0.866025,1,7.8,-2.2,49.44,20.2,81.3,0,1,0,0,0
0.866025,-0.900969,0.866025,1,10.6,8.8,89.03,0.5,79.3,0,1,0,0,1
0.707107,-0.222521,-0.5,1,8.5,0.5,57.15,8.7,0.0,0,1,0,0,0
-0.258819,0.62349,-0.0,0,23.8,20.0,79.21,7.0,88.6,1,1,0,0,0
-0.0,1.0,0.0,1,2.1,-11.7,35.35,28.5,81.3,0,1,0,0,0
0.5,-0.222521,0.5,1,16.6,15.0,90.28,14.8,100.0,0,1,0,0,0
0.258819,0.62349,0.0,1,7.7,1.2,63.34,9.0,88.9,0,1,0,0,0
0.965926,-0.222521,-0.866025,1,24.5,19.2,72.28,7.1,0.0,0,1,0,0,0
-0.707107,0.62349,-0.866025,0,23.2,17.9,71.83,12.5,48.4,0,1,0,0,0
0.258819,-0.900969,-0.866025,1,25.3,20.7,75.54,5.2,86.1,0,1,0,0,0
-1.0,0.62349,0.5,0,0.6,-1.1,88.32,9.9,100.0,0,0,0,1,1
-1.0,-0.222521,0.866025,1,11.7,10.0,89.72,25.8,99.3,0,1,1,0,0
0.866025,-0.222521,0.5,0,3.4,-6.2,49.51,4.8,79.3,0,0,0,1,0
-0.258819,-0.222521,-0.0,1,22.7,21.2,90.82,9.0,58.9,0,1,0,0,0
0.965926,1.0,-1.0,1,24.7,20.0,75.22,15.8,95.6,0,1,0,0,0
0.965926,-0.222521,1.0,0,9.9,1.7,56.58,9.5,99.2,0,0,0,0,0
0.707107,0.62349,-0.866025,1,21.6,20.6,93.76,35.3,98.6,0,1,1,0,1
-0.965926,-0.222521,-0.866025,0,28.0,19.0,57.84,15.3,79.3,1,1,0,0,0
0.5,-0.900969,-0.866025,1,30.5,21.3,57.98,21.9,54.3,0,1,0,0,0
0.707107,1.0,0.5,1,23.7,19.9,79.28,12.4,85.8,0,1,0,0,0
-0.258819,-0.900969,-0.866025,1,35.5,18.1,36.07,8.1,24.4,0,1,0,0,0
-0.0,0.62349,-1.0,0,26.2,19.3,65.94,16.2,79.3,1,1,0,0,0
-0.965926,-0.900969,-0.5,1,21.0,8.2,43.76,10.0,82.3,0,1,0,0,0
0.258819,0.62349,0.5,1,13.3,3.9,53.01,29.5,98.8,1,1,0,0,0
0.707107,-0.222521,1.0,1,-0.4,-6.2,64.49,0.0,25.3,0,0,0,0,0
0.965926,-0.222521,-0.5,1,23.0,11.7,48.92,18.4,84.7,0,1,0,0,0
-0.5,-0.222521,0.866025,1,0.2,-2.3,82.78,0.0,24.4,0,0,0,0,0
0.258819,0.62349,-0.5,1,7.6,0.9,62.53,10.9,24.4,0,1,0,0,0
0.0,1.0,-0.5,1,13.7,12.1,90.06,14.4,85.7,0,1,0,0,0
-0.5,-0.222521,-0.866025,1,24.2,20.1,77.51,5.5,79.3,1,1,0,0,0
0.965926,0.62349,1.0,0,4.9,2.8,86.2,0.0,100.0,0,0,0,0,0
0.866025,0.62349,-0.866025,1,29.4,18.6,52.33,5.2,71.6,0,1,0,0,0
1.0,1.0,0.0,1,7.8,-10.9,25.3,31.9,44.6,0,1,0,0,0
-0.0,-0.222521,0.866025,0,19.3,7.3,45.69,10.3,24.4,1,1,0,0,0
0.965926,-0.222521,-0.866025,1,26.1,20.7,72.28,13.0,95.4,0,1,0,0,0
0.707107,0.62349,-0.5,0,13.2,10.2,81.93,10.6,93.8,0,1,0,0,0
-1.0,-0.900969,0.5,1,16.6,6.1,49.88,25.5,25.3,0,1,0,0,0
-0.258819,0.62349,-0.5,1,34.8,23.3,51.3,16.7,81.3,1,1,0,0,0
-1.0,0.62349,0.5,0,-1.2,-11.6,44.83,5.4,24.4,0,0,0,0,0
-0.0,-0.222521,-0.866025,0,28.3,16.0,47.31,17.5,79.3,1,1,0,0,0
-0.5,-0.222521,-0.0,0,21.6,18.4,81.73,12.4,100.0,1,1,0,0,0
-0.258819,0.62349,-0.5,0,32.8,21.7,52.14,27.3,81.1,1,1,0,0,0
1.0,-0.222521,-0.0,0,22.2,15.6,66.48,12.8,32.7,0,1,0,0,0
-0.5,-0.900969,-0.0,1,13.7,7.8,67.7,21.6,46.2,1,1,0,0,0
-0.5,-0.900969,-0.0,1,23.7,13.8,53.99,24.5,49.8,1,1,0,0,0
0.707107,-0.900969,0.866025,1,-4.9,-12.3,56.12,6.7,79.3,0,0,0,0,0
-0.5,0.62349,0.866025,0,4.9,2.2,82.55,18.6,97.8,0,0,1,1,1
1.0,-0.900969,-0.5,1,25.4,18.9,67.24,7.9,65.4,0,1,0,0,0
-1.0,-0.222521,-0.866025,1,14.9,2.1,42.13,11.2,88.9,0,1,0,0,0
0.0,-0.900969,-0.5,1,13.3,1.1,43.6,15.0,100.0,0,1,0,0,0
0.5,-0.900969,-0.0,1,16.9,16.0,94.05,4.8,56.7,0,1,0,0,1
0.965926,-0.222521,-0.5,1,20.8,16.2,75.1,0.0,45.6,0,1,0,0,0
0.707107,-0.222521,1.0,1,10.0,9.4,95.95,7.3,100.0,0,0,0,0,1
0.866025,0.62349,0.866025,0,-0.9,-7.8,59.33,17.5,79.3,0,0,0,1,0
-0.258819,-0.222521,1.0,1,0.8,-1.5,84.96,0.0,24.4,0,0,0,0,0
0.965926,0.62349,-0.5,0,17.4,-3.7,23.51,15.6,0.0,0,1,0,0,0
0.707107,1.0,-0.5,1,5.6,-4.4,48.76,12.6,24.4,0,1,0,0,0
-0.965926,-0.900969,-0.5,1,13.3,0.0,40.17,23.2,84.5,0,1,0,0,0
-0.707107,-0.900969,-0.866025,1,29.3,14.5,40.56,22.2,24.4,0,1,0,0,1
0.258819,-0.900969,0.5,1,3.7,0.6,80.4,8.9,89.1,0,0,0,0,0
0.707107,-0.900969,-0.0,1,17.8,8.9,55.86,16.4,82.5,0,1,0,0,0
-0.5,-0.900969,0.5,1,15.5,-5.6,22.85,18.9,44.6,0,0,0,0,0
0.258819,-0.222521,-0.866025,0,11.6,8.9,83.7,19.5,98.8,0,1,1,0,0
-0.258819,-0.222521,-1.0,0,22.1,21.2,94.29,7.7,57.2,0,1,0,0,1
-0.5,-0.222521,0.866025,1,0.9,-2.4,78.74,0.0,25.3,0,1,0,0,0
-0.258819,0.62349,-0.866025,1,23.2,13.9,55.88,16.6,79.3,1,1,0,0,0
0.5,0.62349,-0.5,0,17.0,15.0,88.03,11.2,95.6,0,1,1,0,1
-0.866025,-0.900969,0.5,1,18.3,5.6,43.38,20.2,25.3,0,1,0,0,0
-0.258819,0.62349,0.866025,0,8.3,-2.9,45.22,19.6,100.0,0,0,0,0,0
1.0,0.62349,0.5,0,-2.9,-12.8,46.46,22.1,0.0,0,0,0,1,0
0.965926,-0.900969,-1.0,1,23.2,19.3,78.74,5.8,58.0,0,1,0,0,0
0.866025,-0.900969,-0.866025,1,19.9,17.9,88.26,13.8,90.9,0,1,1,0,0
-0.866025,0.62349,-0.0,0,22.2,16.6,70.74,13.0,0.0,1,1,0,0,0
0.866025,-0.900969,1.0,1,8.9,6.9,87.33,6.7,96.0,0,0,1,0,1
-0.866025,-0.222521,-0.0,1,26.6,11.1,37.96,8.8,24.4,0,1,0,0,0
0.258819,0.62349,-0.5,1,28.6,16.5,47.85,4.8,49.3,1,1,0,0,0
0.707107,0.62349,-0.0,1,25.4,20.7,75.12,6.7,71.7,0,1,1,0,0
-0.866025,-0.900969,-0.5,1,29.8,22.1,63.41,12.6,49.1,0,1,0,0,0
-0.258819,-0.900969,1.0,1,8.8,-1.8,47.53,10.7,0.0,1,0,0,0,0
0.5,0.62349,0.866025,0,7.1,-2.2,51.62,14.2,98.2,0,0,0,0,0
0.866025,-0.900969,-0.5,1,1.6,-7.8,49.51,27.5,100.0,0,1,0,0,0
0.258819,-0.900969,1.0,1,7.2,6.2,93.39,16.3,99.5,0,0,1,1,1
-0.5,-0.222521,0.5,1,11.2,-2.1,39.38,18.4,79.3,0,0,0,0,0
0.5,1.0,0.5,1,23.7,19.3,76.72,10.9,83.9,0,1,0,0,0
0.965926,-0.222521,0.866025,0,21.1,17.2,78.24,20.3,94.0,0,1,0,0,0
1.0,-0.900969,0.5,1,13.3,11.1,86.67,16.0,100.0,0,1,1,0,1
0.258819,-0.900969,-1.0,1,23.9,19.9,78.39,12.2,24.4,0,1,0,0,1
-0.5,0.62349,1.0,0,3.2,-4.4,57.49,14.9,28.0,0,0,0,0,0
0.5,-0.900969,1.0,1,8.8,7.3,90.32,9.2,100.0,0,0,1,0,1
-0.965926,-0.900969,-0.866025,1,28.3,22.2,69.77,7.4,94.5,1,1,0,0,0
0.866025,1.0,-0.5,1,24.7,22.7,88.51,9.0,46.7,0,1,0,0,0
-1.0,1.0,-0.5,1,25.5,14.3,49.95,11.4,49.2,0,1,0,0,0
-0.866025,-0.900969,-0.5,1,25.7,20.5,73.0,12.5,24.4,0,1,0,0,0
-0.866025,0.62349,0.866025,1,11.5,7.7,77.42,0.4,24.4,0,1,0,0,0
-0.5,-0.222521,-0.5,1,10.9,7.2,78.15,0.0,82.5,1,1,0,0,0
-0.258819,0.62349,-0.5,1,28.8,21.7,65.73,0.4,91.1,1,1,0,0,0
0.0,0.62349,-0.866025,1,12.9,9.2,78.17,0.0,79.3,0,1,0,0,0
-0.258819,-0.900969,0.5,1,18.0,15.5,85.65,6.7,79.3,0,1,0,0,0
0.707107,0.62349,-0.5,0,27.5,23.3,77.78,5.5,44.6,0,1,0,0,1
-0.707107,-0.222521,-0.866025,1,12.8,4.3,56.29,26.7,58.0,0,1,0,0,0
-0.707107,0.62349,-0.5,0,11.0,4.4,63.77,5.5,98.8,0,1,0,0,0
0.5,1.0,0.0,1,6.9,-14.6,19.83,1.1,79.3,0,1,0,0,0
-0.258819,0.62349,0.5,1,-5.3,-12.3,57.81,12.1,0.0,0,0,0,0,0
0.965926,0.62349,-0.0,0,11.3,5.7,68.54,8.3,24.4,0,1,0,0,0
0.707107,-0.900969,-0.0,1,13.7,7.8,67.65,19.6,92.4,0,1,0,0,0
-0.707107,-0.900969,0.5,1,6.6,5.1,89.79,4.8,100.0,0,0,1,0,1
-0.707107,-0.222521,0.5,1,13.3,11.2,87.1,14.3,82.2,1,1,0,0,0
0.965926,0.62349,0.866025,1,4.1,-6.8,44.89,7.6,0.0,0,1,0,0,0
0.965926,-0.900969,1.0,1,0.8,-2.4,79.41,4.8,0.0,0,0,0,0,0
0.965926,0.62349,-0.866025,1,18.0,15.5,85.58,4.8,79.3,0,1,0,0,0
-1.0,1.0,-1.0,1,30.0,22.7,65.28,14.9,26.4,0,1,0,0,0
-0.866025,0.62349,-0.866025,1,23.5,18.7,74.54,14.1,24.4,0,1,0,0,0
-0.5,-0.900969,0.5,1,13.7,10.1,78.64,15.6,99.2,0,1,1,0,1
-1.0,-0.900969,0.866025,1,8.8,-2.1,46.3,34.4,77.1,0,0,0,0,0
0.965926,1.0,-1.0,1,20.6,13.3,62.94,6.7,24.4,0,1,0,0,0
0.5,-0.900969,1.0,1,0.9,-6.7,56.76,10.5,79.3,0,0,0,0,0
0.258819,-0.900969,-0.5,1,3.7,-5.7,50.27,27.7,98.8,0,1,0,0,0
0.258819,0.62349,0.0,1,14.3,-1.8,32.94,14.7,81.3,1,1,0,0,0
-0.5,0.62349,-0.866025,0,15.9,12.2,78.48,14.1,93.3,0,1,1,0,0
0.5,-0.222521,-1.0,0,17.4,11.8,69.69,4.8,44.6,0,1,0,0,0
0.0,-0.222521,-1.0,1,24.7,18.4,68.06,0.7,44.6,0,1,0,0,1
0.258819,-0.222521,0.5,1,14.2,10.8,80.39,16.9,91.1,0,0,0,0,0
-0.707107,0.62349,0.866025,1,10.0,-1.3,45.14,29.5,48.4,0,1,0,0,0
-1.0,1.0,0.5,1,18.8,9.2,53.78,24.1,24.4,0,1,0,0,0
0.707107,0.62349,0.866025,0,-0.3,-7.8,57.01,19.7,79.3,0,0,0,1,0
0.258819,-0.222521,-1.0,1,25.5,20.2,72.52,23.0,98.8,1,1,1,0,0
-0.707107,1.0,-0.866025,1,20.5,0.5,26.32,16.3,0.0,1,1,0,0,0
-0.965926,-0.900969,-1.0,1,22.1,11.7,51.53,18.1,85.3,0,1,0,0,0
-0.866025,-0.900969,0.5,1,7.8,-3.2,45.7,40.6,79.3,0,0,0,0,0
-0.0,0.62349,-0.866025,1,34.8,22.1,47.69,14.1,49.3,1,1,0,0,0
-0.965926,1.0,1.0,1,5.5,3.3,85.76,7.3,100.0,0,0,0,0,1
-0.5,-0.900969,0.5,1,10.1,5.7,74.1,20.1,89.1,0,0,0,0,0
0.5,-0.900969,-0.5,1,0.6,-8.3,51.28,25.9,96.6,0,1,0,0,0
0.0,0.62349,-0.5,1,24.1,22.1,88.9,0.4,98.8,0,1,0,0,0
0.866025,1.0,-0.5,1,6.1,-4.4,47.01,15.2,24.4,0,1,0,0,0
-0.707107,0.62349,-0.0,0,22.1,21.1,93.85,0.5,100.0,0,1,1,0,1
0.965926,0.62349,-0.5,0,24.7,20.6,77.85,15.6,79.3,0,1,0,0,0
1.0,-0.900969,0.5,1,16.0,8.3,60.25,16.5,25.3,0,1,0,0,0
0.965926,0.62349,-0.866025,0,9.6,2.9,63.07,11.6,24.4,0,1,0,0,0
0.866025,-0.900969,-0.5,1,15.5,8.3,61.93,10.6,94.3,0,1,0,0,0
0.866025,-0.900969,-0.0,1,13.8,11.7,87.07,28.4,99.5,0,1,1,0,1
-0.5,0.62349,0.0,1,5.5,-8.9,34.58,38.9,89.3,0,1,0,0,0
-0.707107,-0.900969,0.0,1,10.6,2.8,58.41,18.6,81.1,1,1,0,0,0
0.258819,0.62349,-0.5,0,26.9,19.5,63.81,5.6,82.3,0,1,0,0,0
0.5,-0.222521,1.0,1,5.6,-1.5,60.09,16.4,79.3,0,0,0,0,0
-0.707107,0.62349,-0.866025,0,25.0,16.2,58.17,25.4,44.6,0,1,0,0,0
0.965926,-0.222521,1.0,0,5.3,-0.7,64.93,9.2,86.1,0,0,0,0,0
-0.866025,-0.900969,-0.0,1,20.0,12.8,63.35,0.3,25.3,0,1,0,0,0
-0.707107,0.62349,-0.866025,0,28.8,15.7,45.06,13.2,82.3,1,1,0,0,0
0.258819,-0.222521,-0.0,0,18.7,8.4,50.96,9.2,46.2,1,1,0,0,0
-0.707107,-0.222521,-0.0,1,26.6,22.2,76.74,16.7,98.8,0,1,1,0,1
-0.5,1.0,0.5,1,13.9,4.8,54.08,14.4,96.4,1,0,0,0,0
0.965926,-0.222521,-0.866025,1,24.8,23.3,91.09,4.8,53.5,0,1,0,0,0
-0.0,-0.222521,-0.0,1,21.7,13.9,61.14,10.6,49.3,1,1,0,0,0
0.258819,-0.900969,-1.0,1,25.6,3.8,24.51,12.7,79.3,1,1,0,0,0
1.0,-0.222521,0.0,1,12.6,1.7,47.47,9.2,79.3,0,1,0,0,0
-0.965926,-0.222521,-0.866025,0,25.5,16.0,55.87,14.6,66.6,0,1,0,0,0
0.866025,-0.222521,-0.5,0,25.7,19.4,67.9,12.6,44.6,0,1,0,0,0
0.866025,0.62349,-0.866025,1,17.6,12.8,73.44,13.0,100.0,0,1,0,0,0
0.5,-0.222521,-0.866025,1,14.1,8.5,69.03,13.5,46.4,0,1,0,0,0
-0.707107,-0.900969,-0.0,1,21.0,8.3,43.96,21.8,86.2,1,1,0,0,0
-0.866025,-0.222521,-0.5,1,32.7,17.3,39.92,5.3,28.0,1,1,0,0,0
-1.0,0.62349,-0.5,0,28.2,17.9,53.65,9.3,26.4,1,1,0,0,0
0.965926,-0.222521,-0.0,1,17.2,8.5,56.62,0.4,44.6,0,1,0,0,0
-0.5,-0.222521,0.866025,0,1.6,-13.9,30.58,24.2,25.3,0,0,0,0,0
-0.707107,-0.900969,1.0,1,8.0,2.8,69.75,11.2,44.6,0,0,0,0,0
0.965926,0.62349,-1.0,0,21.4,17.1,76.95,11.6,82.9,0,1,0,0,0
0.258819,0.62349,-1.0,1,25.6,12.2,43.14,21.9,45.6,0,1,0,0,0
-0.258819,-0.900969,1.0,1,9.2,-1.2,47.99,11.4,99.2,0,0,0,0,0
-0.707107,-0.900969,-0.866025,1,27.0,22.9,78.12,8.3,52.0,0,1,0,0,0
0.866025,1.0,0.866025,1,10.9,6.7,75.13,12.5,0.0,0,1,0,0,0
1.0,0.62349,0.5,1,13.0,8.5,73.96,8.3,24.4,0,1,0,0,0
-0.258819,-0.900969,0.866025,1,7.1,-8.3,32.36,11.5,24.4,0,0,0,0,0
-0.965926,-0.900969,-0.866025,1,31.0,18.3,46.79,15.4,31.8,0,1,0,0,0
-0.5,0.62349,-0.866025,1,34.9,15.9,32.26,13.8,44.6,1,1,0,0,0
0.5,1.0,-1.0,1,25.0,19.9,73.57,14.6,26.2,0,1,0,0,0
-0.965926,1.0,0.5,1,17.2,9.3,59.86,27.1,24.4,0,1,0,0,0
-0.0,-0.222521,-0.0,0,24.4,14.9,55.49,18.1,44.6,1,1,0,0,0
-0.965926,0.62349,0.5,0,7.8,6.8,92.99,11.0,100.0,0,0,1,0,1
0.707107,-0.222521,-0.5,1,14.2,10.7,79.25,12.7,100.0,0,1,0,0,0
0.866025,-0.222521,-0.5,0,16.0,13.0,82.36,5.8,86.5,0,1,0,0,0
-0.965926,-0.900969,-0.866025,1,24.9,18.9,69.09,21.6,78.0,1,1,0,0,0
1.0,1.0,1.0,1,1.6,-5.1,61.14,17.3,41.6,0,0,0,0,0
-0.0,-0.222521,0.0,0,15.5,3.8,45.7,25.5,80.3,1,1,0,0,0
-0.258819,0.62349,-0.0,0,26.7,18.8,61.94,10.3,34.7,1,1,0,0,0
-1.0,-0.222521,-1.0,0,22.8,9.4,42.47,34.7,86.7,1,1,0,0,0
-0.866025,0.62349,0.0,0,5.5,-1.2,61.82,7.5,91.1,0,1,0,0,0
-0.0,-0.900969,-0.5,1,16.1,1.7,37.74,24.4,45.6,1,1,0,0,0
0.866025,0.62349,0.5,1,8.2,1.1,61.04,10.8,79.3,0,0,0,0,0
-0.965926,0.62349,0.5,1,20.7,7.1,41.33,9.1,24.4,0,1,0,0,0
-0.5,1.0,0.866025,1,4.9,-5.1,48.56,17.8,82.5,0,1,0,0,0
0.707107,-0.222521,0.5,0,15.8,12.7,81.68,15.5,94.3,0,1,0,0,0
0.0,-0.222521,0.866025,1,5.8,4.1,88.75,0.0,24.4,0,1,0,0,0
0.5,-0.900969,0.866025,1,7.7,-2.8,47.25,14.3,87.5,0,0,0,0,0
-0.866025,-0.222521,-1.0,1,28.3,18.7,55.84,13.2,91.1,0,1,0,0,0
-0.5,0.62349,-0.0,1,26.6,16.7,54.4,14.7,80.3,1,1,0,0,0
-0.965926,-0.900969,0.866025,1,9.2,2.1,61.04,26.0,49.2,0,0,0,0,0
0.707107,1.0,-0.5,1,23.7,20.8,83.91,10.6,94.6,0,1,0,0,1
0.0,-0.222521,-0.0,1,19.8,17.2,84.84,5.5,0.0,0,1,0,0,0
0.965926,0.62349,-0.866025,1,28.2,23.1,74.11,12.8,24.4,0,1,0,0,0
-0.258819,0.62349,0.866025,0,23.8,17.9,69.29,14.6,87.6,1,1,1,0,1
1.0,0.62349,-0.866025,0,10.6,8.9,89.14,21.0,97.4,0,1,1,0,1
0.866025,0.62349,0.866025,1,9.6,5.0,72.8,0.0,99.2,0,1,0,0,0
-0.707107,0.62349,-0.5,0,11.6,8.7,82.53,18.1,99.5,0,1,0,0,0
-0.5,0.62349,-1.0,1,24.4,14.9,55.41,15.8,93.8,1,1,0,0,0
0.866025,0.62349,-0.5,1,23.2,18.8,76.7,9.2,24.4,0,1,0,0,1
0.965926,-0.222521,-0.0,0,12.9,6.6,65.43,5.4,44.6,0,1,0,0,0
-0.258819,-0.222521,-1.0,1,28.9,16.8,47.99,23.2,80.3,1,1,0,0,0
0.258819,0.62349,0.5,0,8.8,7.2,90.05,17.6,100.0,0,1,0,0,1
0.258819,0.62349,0.866025,1,5.2,-1.3,63.21,7.1,0.0,0,1,0,0,0
0.866025,0.62349,-0.866025,1,23.1,19.9,82.23,10.6,24.4,0,1,0,0,1
-1.0,-0.222521,-0.5,0,23.3,17.1,68.33,12.4,83.9,1,1,0,0,0
0.258819,0.62349,0.5,1,7.3,4.1,80.07,0.8,81.3,0,0,0,0,0
-0.0,-0.222521,-0.0,1,22.5,19.6,84.07,25.7,100.0,1,1,1,0,1
0.707107,-0.900969,0.866025,1,12.3,5.7,64.09,4.8,0.0,0,1,0,0,0
-0.0,0.62349,0.866025,1,9.1,-3.8,40.0,0.0,24.4,1,1,0,0,0
-0.707107,-0.900969,-1.0,1,24.5,18.8,70.82,12.4,85.7,1,1,0,0,0
-0.965926,-0.900969,0.0,1,11.6,10.0,90.05,9.2,100.0,0,1,0,0,1
0.0,1.0,-0.866025,1,25.4,23.2,87.67,8.3,48.4,0,1,0,0,1
0.707107,-0.900969,-1.0,1,17.5,13.2,76.11,4.8,24.4,0,1,0,0,0
-0.866025,0.62349,0.866025,0,4.9,1.7,79.82,15.8,100.0,0,0,0,0,0
-0.5,-0.900969,0.0,1,11.5,2.9,55.44,22.9,88.9,0,1,0,0,0
-1.0,-0.900969,1.0,1,17.2,4.0,41.5,19.7,91.1,0,0,0,0,0
0.707107,-0.900969,0.0,1,10.5,9.3,92.13,9.4,100.0,0,1,1,0,1
0.965926,1.0,0.866025,1,7.7,-2.8,47.31,16.0,79.3,0,1,0,0,0
0.0,0.62349,-0.866025,1,24.7,21.3,81.2,0.0,81.1,0,1,0,0,0
0.707107,0.62349,-1.0,1,20.5,18.9,90.26,13.5,93.2,0,1,1,0,0
0.5,1.0,-0.0,1,21.8,12.9,57.04,14.1,61.2,0,1,0,0,0
-0.965926,-0.222521,-0.866025,0,9.8,-6.3,31.55,27.5,83.0,0,1,0,0,0
-0.965926,1.0,0.0,1,3.7,-10.7,34.23,24.2,84.7,0,1,0,0,0
0.5,0.62349,-1.0,0,24.9,18.9,69.33,6.7,55.5,0,1,0,0,0
0.0,-0.222521,-0.866025,1,24.1,23.2,94.67,8.3,32.7,0,1,0,0,1
-0.707107,-0.222521,0.5,1,4.2,-8.4,39.19,18.5,79.3,0,0,0,0,0
-0.965926,-0.222521,0.5,1,18.8,16.2,84.62,15.8,99.6,0,1,0,0,0
0.258819,0.62349,0.866025,1,2.7,-7.8,46.09,8.3,24.4,0,0,0,1,0
0.965926,-0.222521,-1.0,1,22.8,19.4,81.28,9.6,88.9,0,1,1,0,0
0.707107,0.62349,0.5,1,10.0,6.1,76.76,10.6,98.8,0,0,0,0,0
-1.0,0.62349,0.0,1,16.7,6.7,51.43,11.9,94.3,0,1,0,0,0
-0.5,-0.900969,0.5,1,21.0,9.4,47.39,27.3,94.6,0,0,0,0,0
1.0,-0.222521,0.5,0,9.2,4.9,74.37,16.1,98.2,0,1,0,0,0
1.0,-0.222521,-0.866025,0,24.9,18.1,66.01,32.7,52.6,0,1,0,0,0
1.0,-0.222521,-0.866025,1,18.6,6.9,46.33,14.1,24.4,0,1,0,0,0
0.5,-0.222521,-0.0,0,20.9,15.0,69.05,10.8,26.2,0,1,0,0,0
0.258819,-0.222521,-1.0,0,20.5,18.0,85.43,5.6,24.4,0,1,0,0,1
0.707107,-0.222521,-0.5,0,23.7,21.3,86.24,7.1,81.3,0,1,0,0,0
0.965926,-0.222521,1.0,0,16.0,13.4,84.35,11.0,92.8,0,0,1,0,0
-0.258819,-0.222521,0.5,0,8.2,-8.8,29.0,14.7,24.4,1,0,0,0,0
-0.258819,-0.900969,0.866025,1,8.7,6.7,86.8,7.4,89.4,0,1,0,0,0
-0.5,-0.222521,-1.0,0,29.2,3.7,19.66,6.3,24.4,1,1,0,0,0
0.707107,-0.222521,-0.866025,1,23.8,22.8,94.54,8.7,34.5,0,1,1,0,0
1.0,1.0,-0.5,1,7.7,-4.9,40.3,22.5,26.2,0,1,0,0,0
-0.258819,1.0,-1.0,1,24.3,18.7,71.11,19.6,32.7,0,1,0,0,0
0.5,-0.222521,-0.866025,0,21.6,13.8,61.03,4.8,83.1,0,1,0,0,0
0.258819,-0.900969,-0.0,1,21.6,16.6,73.33,7.4,0.0,0,1,0,0,0
0.707107,-0.222521,0.866025,0,0.6,-6.2,60.65,18.1,79.3,0,0,0,0,0
-0.5,0.62349,0.5,1,7.7,5.0,83.48,0.0,48.3,0,0,0,0,1
-0.258819,1.0,0.866025,1,8.7,5.8,81.65,4.8,98.8,0,1,0,0,0
-0.707107,-0.900969,0.0,1,9.2,4.3,71.55,21.6,100.0,0,1,0,0,0
0.965926,-0.900969,0.0,1,5.4,-9.4,33.5,22.9,0.0,0,1,0,0,0
0.5,0.62349,-0.0,0,18.0,14.2,78.77,7.1,0.0,0,1,0,0,0
-0.707107,-0.222521,-0.0,0,27.2,17.8,56.73,0.5,87.4,1,1,0,0,0
-0.965926,0.62349,0.5,0,17.1,2.1,36.47,13.0,25.3,1,1,0,0,0
-0.707107,0.62349,-0.5,1,29.9,20.6,57.68,25.1,83.0,0,1,0,0,0
-0.707107,1.0,-0.5,1,27.0,13.8,44.32,11.4,47.6,0,1,0,0,0
0.707107,-0.222521,-0.5,0,21.6,18.5,82.55,9.0,88.9,0,1,1,0,0
0.866025,-0.900969,-0.866025,1,27.6,22.8,75.18,8.3,33.7,0,1,0,0,0
-0.707107,-0.222521,1.0,1,2.7,-1.1,75.97,7.1,79.3,0,0,1,0,1
-0.866025,-0.222521,-0.0,1,29.4,23.8,71.99,20.0,63.2,0,1,0,0,0
0.5,1.0,0.866025,1,9.0,-11.5,22.13,7.4,79.3,0,0,0,0,0
-0.866025,-0.900969,0.5,1,20.5,15.7,73.8,5.6,85.7,0,1,0,0,0
-1.0,-0.222521,-0.0,1,26.0,22.2,79.67,12.7,75.1,0,1,0,0,1
0.5,-0.900969,-0.0,1,22.7,21.2,90.85,14.1,100.0,0,1,0,0,0
1.0,-0.900969,0.0,1,11.5,9.9,90.24,5.4,44.6,0,1,0,0,1
0.258819,0.62349,-0.866025,0,17.1,9.4,60.5,16.3,92.7,0,1,0,0,0
0.258819,-0.900969,0.866025,1,2.8,1.7,92.55,6.7,100.0,0,0,1,0,1
0.866025,-0.900969,-0.0,1,20.2,14.3,68.83,4.8,24.4,0,1,0,0,0
-1.0,-0.900969,0.866025,1,9.2,-2.2,44.7,27.7,89.3,0,0,0,0,0
-0.258819,1.0,-0.866025,1,17.7,13.4,75.66,21.7,34.7,0,1,0,0,0
-0.707107,-0.900969,-0.5,1,31.1,17.7,44.9,16.0,82.9,1,1,0,0,0
0.5,-0.222521,1.0,1,9.3,4.4,71.17,10.5,69.0,0,0,0,0,0
0.965926,-0.900969,-0.5,1,16.0,2.0,38.82,28.8,90.1,0,1,0,0,0
-0.707107,-0.222521,-0.866025,0,10.5,-4.5,34.35,33.0,66.6,0,1,0,0,0
0.707107,-0.900969,-0.866025,1,22.6,20.6,88.46,8.7,44.6,0,1,0,0,1
0.707107,1.0,-1.0,1,23.1,20.0,82.46,8.9,40.9,0,1,1,0,0
1.0,-0.900969,-0.866025,1,22.1,20.0,88.19,12.4,91.5,0,1,0,0,1
-0.707107,-0.900969,0.0,1,12.1,8.4,77.96,23.6,93.2,0,1,0,0,0
1.0,0.62349,-0.5,1,25.9,22.8,82.74,5.8,93.2,0,1,1,0,0
-0.866025,-0.900969,-1.0,1,23.7,19.9,79.6,19.2,86.7,0,1,1,0,0
-0.258819,1.0,-0.866025,1,12.6,10.0,84.38,7.4,24.4,0,1,0,0,1
1.0,-0.222521,0.0,1,9.8,3.5,64.87,0.0,79.3,0,1,0,0,1
0.965926,-0.900969,0.866025,1,4.8,-2.2,60.85,10.8,94.7,0,0,0,0,0
0.5,-0.900969,0.5,1,11.7,7.1,73.19,0.0,0.0,0,1,0,0,0
0.965926,-0.222521,-0.5,1,18.7,15.7,82.62,5.6,89.1,0,1,0,0,0
-0.707107,1.0,0.0,1,10.0,-6.9,29.72,14.6,24.4,0,1,0,0,0
-0.866025,-0.900969,-0.866025,1,29.2,11.1,32.65,0.3,49.2,1,1,0,0,0
0.0,0.62349,-0.866025,1,25.5,22.2,81.82,10.8,24.4,0,1,0,0,0
-0.965926,-0.900969,-0.5,1,23.2,6.1,33.07,17.7,80.7,1,1,0,0,0
0.866025,-0.900969,-0.866025,1,24.2,22.2,88.69,5.2,53.5,0,1,0,0,0
-0.965926,1.0,0.866025,1,9.9,5.6,74.61,4.8,79.3,0,0,0,0,1
1.0,0.62349,-1.0,0,25.4,21.1,76.77,24.7,79.3,0,1,0,0,0
-0.965926,-0.900969,0.866025,1,13.8,7.2,64.3,9.6,82.9,0,1,0,0,0
-0.5,-0.900969,-0.0,1,21.0,2.8,30.08,28.9,0.0,1,1,0,0,0
1.0,-0.900969,0.5,1,19.1,11.3,60.5,9.9,24.4,0,1,0,0,0
0.965926,0.62349,-1.0,1,15.7,11.5,76.1,7.5,24.4,0,1,0,0,0
0.707107,1.0,-0.5,1,25.8,20.0,70.26,8.3,85.7,0,1,0,0,0
0.5,0.62349,-0.0,1,18.2,4.3,39.88,13.1,28.0,0,1,0,0,0
0.258819,-0.222521,0.5,0,13.3,-2.0,34.67,12.8,84.5,0,0,0,0,0
0.707107,1.0,0.866025,1,5.5,3.8,89.37,0.0,89.1,0,0,0,0,0
1.0,0.62349,-0.866025,1,24.1,19.9,77.75,12.4,24.4,0,1,0,0,0
0.707107,0.62349,-0.866025,1,31.2,18.7,47.36,8.3,71.6,0,1,0,0,0
-0.258819,0.62349,-0.5,0,27.5,21.5,70.08,6.7,94.7,1,1,1,0,1
-0.707107,-0.222521,-0.0,1,22.0,16.6,71.28,5.4,25.3,1,1,0,0,0
-0.258819,0.62349,-0.866025,0,24.9,16.1,58.12,16.2,52.9,0,1,0,0,0
0.0,0.62349,0.866025,0,9.3,3.3,66.16,12.9,93.4,0,1,0,0,0
-0.866025,0.62349,-0.5,0,28.2,13.4,40.11,16.0,82.9,1,1,0,0,0
1.0,-0.900969,0.0,1,20.2,11.1,55.89,15.0,79.3,0,1,0,0,0
0.5,-0.900969,0.0,1,6.0,-0.7,62.41,9.5,92.5,0,1,0,0,0
-0.866025,-0.900969,-0.866025,1,26.7,12.2,40.35,12.6,89.1,0,1,0,0,0
0.5,-0.222521,-0.5,1,8.6,4.3,74.65,0.0,82.2,0,1,0,0,0
-1.0,-0.222521,0.866025,1,5.5,-1.7,59.53,25.0,100.0,0,0,0,0,0
-0.707107,1.0,-0.5,1,23.7,19.3,76.48,12.6,53.1,0,1,1,0,0
0.965926,0.62349,0.5,1,14.3,13.4,94.1,0.4,100.0,0,1,0,0,1
-0.707107,-0.222521,1.0,1,4.7,1.5,79.93,5.4,84.9,0,0,0,0,0
0.866025,-0.222521,0.866025,0,0.4,-8.3,52.07,24.7,24.4,0,0,0,0,0
0.707107,-0.222521,-0.866025,0,27.9,15.8,47.83,10.6,79.3,0,1,0,0,0
-0.707107,-0.222521,-1.0,1,29.1,21.6,63.74,9.6,86.1,1,1,1,0,0
0.965926,-0.222521,-0.0,1,18.8,16.7,87.76,7.5,89.7,0,1,0,0,0
-0.965926,1.0,0.5,1,20.0,14.3,69.41,11.0,88.9,0,1,0,0,0
0.866025,0.62349,0.0,1,3.3,-7.8,44.15,28.0,24.4,0,1,0,0,0
0.0,-0.900969,-0.5,1,11.3,8.7,84.08,0.0,24.4,0,1,0,0,0
0.5,0.62349,0.866025,0,21.7,19.2,85.96,10.9,87.6,0,1,1,0,1
-0.258819,0.62349,0.866025,0,11.3,10.8,96.9,6.0,100.0,0,1,1,0,1
-0.965926,0.62349,0.866025,1,4.4,-4.5,52.46,14.6,90.1,0,0,0,0,0
0.258819,1.0,-1.0,1,16.6,10.6,67.55,0.0,24.4,0,1,0,0,0
0.707107,-0.222521,0.866025,1,4.9,4.3,95.98,7.4,24.4,0,0,0,0,1
0.965926,-0.900969,0.0,1,3.8,-11.6,31.55,22.1,84.5,0,1,0,0,0
0.5,-0.222521,0.0,0,7.8,-0.7,55.18,27.3,99.6,0,1,0,0,0
-0.965926,0.62349,0.866025,0,6.7,1.6,69.78,5.4,79.3,0,1,0,0,0
0.0,0.62349,0.866025,0,4.9,2.8,86.18,12.2,100.0,0,0,1,0,1
0.707107,1.0,-0.866025,1,21.7,17.8,78.64,18.0,86.7,0,1,0,0,0
-0.258819,-0.222521,1.0,1,-1.5,-6.7,67.58,0.0,83.9,0,0,0,0,0
-0.5,-0.222521,0.0,1,5.6,4.4,91.83,10.6,100.0,0,1,0,0,1
-0.5,-0.900969,-1.0,1,24.8,19.4,71.83,0.4,24.4,1,1,0,0,0
-0.707107,-0.222521,-0.5,0,21.0,16.2,74.34,12.2,98.2,0,1,1,0,1
0.707107,-0.900969,-0.5,1,23.7,21.7,88.49,9.9,89.1,0,1,1,0,0
0.5,0.62349,0.5,0,3.2,-1.5,71.38,13.9,100.0,0,0,0,1,1
-0.866025,1.0,0.866025,1,15.1,14.5,96.21,1.6,100.0,0,1,1,0,1
1.0,-0.900969,1.0,1,2.7,-2.3,69.56,9.2,82.2,0,0,0,0,0
-0.707107,-0.222521,-0.5,1,15.0,5.7,53.59,5.4,24.4,0,1,0,0,0
-0.965926,-0.222521,-0.5,1,31.1,24.3,67.08,0.9,35.4,0,1,0,0,0
-0.5,-0.900969,0.0,1,16.7,-8.6,16.86,18.4,44.6,1,1,0,0,0
0.866025,-0.222521,-0.866025,1,27.1,22.8,77.27,12.7,86.1,0,1,0,0,0
-0.707107,0.62349,-1.0,1,27.3,22.8,76.46,16.0,24.4,0,1,0,0,0
-0.965926,0.62349,-0.5,1,22.8,6.0,33.74,20.6,26.4,0,1,0,0,0
0.258819,0.62349,-0.5,0,17.1,15.6,91.35,13.2,96.6,0,1,1,0,0
0.5,-0.222521,-0.5,0,19.8,10.9,56.22,21.6,44.6,0,1,0,0,0
-1.0,0.62349,1.0,1,3.7,-6.7,46.67,16.3,25.3,0,0,0,0,0
-1.0,-0.900969,0.5,1,-1.7,-3.4,88.7,16.2,100.0,0,0,1,1,1
-0.258819,0.62349,1.0,1,3.8,-4.4,55.08,14.8,79.3,0,0,0,0,0
0.5,-0.222521,-0.5,0,18.7,17.8,94.47,7.8,92.9,0,1,1,0,0
-0.258819,-0.900969,0.0,1,15.7,12.3,80.26,18.9,99.6,0,1,0,0,0
0.0,-0.900969,1.0,1,4.9,-2.1,60.37,14.4,100.0,0,0,0,0,0
0.965926,1.0,-1.0,1,17.9,6.7,47.74,14.0,49.3,0,1,0,0,0
-0.258819,-0.222521,-0.5,0,18.1,11.6,65.77,25.1,79.3,0,1,0,0,0
-0.707107,-0.222521,-1.0,1,19.2,15.6,79.39,26.4,99.8,0,1,0,0,0
0.866025,0.62349,0.866025,1,10.3,2.9,60.15,7.4,24.4,0,1,0,0,0
-0.5,-0.900969,-0.5,1,29.4,16.6,46.03,13.0,83.9,1,1,0,0,0
0.965926,-0.222521,0.866025,1,7.1,6.1,93.57,5.6,100.0,0,0,1,0,1
-0.866025,1.0,0.5,1,10.6,9.3,92.04,11.0,100.0,0,1,0,0,1
0.707107,0.62349,1.0,1,1.8,-6.6,53.42,12.0,0.0,0,0,0,0,0
-0.0,-0.900969,-0.5,1,16.6,-1.7,28.58,16.4,84.8,1,1,0,0,0
1.0,-0.900969,0.866025,1,4.8,1.3,78.4,7.3,0.0,0,1,0,0,0
-0.707107,-0.900969,-0.5,1,34.4,22.1,48.83,20.4,48.2,0,1,0,0,0
-0.258819,0.62349,0.866025,1,0.4,-3.9,73.03,8.7,89.1,0,0,0,0,0
0.965926,-0.900969,-0.866025,1,15.8,11.7,76.65,6.7,92.9,0,1,0,0,0
-0.707107,1.0,0.0,1,13.8,-4.4,28.06,28.7,0.0,0,1,0,0,0
0.0,-0.900969,0.866025,1,1.5,-0.8,84.82,10.5,89.1,0,0,0,0,1
0.965926,-0.222521,0.5,0,-2.8,-11.6,50.67,16.1,0.0,0,0,0,0,0
0.5,-0.222521,0.5,0,3.8,2.8,93.56,10.8,100.0,0,0,1,0,1
-0.707107,0.62349,0.0,0,2.0,-3.3,68.09,14.1,79.3,0,1,0,0,0
0.258819,1.0,0.5,1,12.9,-3.0,32.99,14.5,79.3,0,0,0,0,0
0.0,-0.900969,-0.0,1,17.8,12.8,72.66,14.9,24.4,0,1,0,0,0
-0.866025,0.62349,0.866025,0,7.0,-5.7,40.03,32.5,24.4,0,0,0,0,0
-0.965926,1.0,-0.866025,1,35.6,21.1,43.01,14.7,53.3,0,1,0,0,0
0.866025,-0.900969,-0.0,1,24.3,23.0,92.96,12.1,94.1,0,1,0,0,0
0.866025,-0.900969,0.5,1,14.5,10.5,76.82,0.0,24.4,0,1,0,0,0
-0.5,-0.222521,0.0,0,14.3,-11.4,15.85,11.0,79.3,1,1,0,0,0
-0.5,1.0,-0.0,1,31.6,18.9,46.7,11.7,44.6,1,1,0,0,0
1.0,-0.900969,-0.0,1,22.8,21.2,90.97,15.7,99.6,0,1,0,0,0
0.707107,-0.900969,0.5,1,7.7,5.6,86.68,9.9,50.0,0,0,0,0,0
-0.707107,-0.222521,0.0,1,4.9,-2.1,60.81,7.1,98.8,0,1,0,0,0
-1.0,-0.222521,0.866025,1,12.3,-2.4,35.77,8.0,0.0,0,1,0,0,0
-0.707107,1.0,0.0,1,7.8,-15.2,17.85,7.7,79.3,0,1,0,0,0
0.707107,-0.900969,0.0,1,4.7,-6.7,43.39,11.9,79.3,0,1,0,0,0
-0.707107,-0.222521,-0.5,0,27.2,22.1,73.57,15.3,94.6,0,1,1,0,0
-0.0,1.0,-0.0,1,23.9,13.6,52.59,16.4,24.4,1,1,0,0,0
0.707107,-0.222521,0.0,1,10.4,2.9,59.49,12.4,89.1,0,1,0,0,0
0.707107,-0.222521,1.0,0,5.9,-4.3,47.92,10.7,100.0,0,0,0,0,0
-0.258819,-0.900969,1.0,1,1.6,0.0,89.06,7.4,100.0,0,0,1,1,1
0.5,-0.900969,0.866025,1,5.9,2.9,80.64,0.5,99.2,0,0,0,0,0
0.5,1.0,-0.866025,1,24.3,21.1,82.28,27.0,68.6,0,1,1,0,1
-0.866025,-0.900969,0.5,1,5.8,-1.2,60.98,14.0,0.0,0,0,0,0,0
-0.707107,-0.222521,-0.866025,0,35.5,16.7,32.94,8.9,26.2,1,1,0,0,0
-0.707107,-0.222521,0.5,1,-0.8,-2.8,86.26,5.6,99.2,0,0,0,0,1
-0.5,-0.900969,-0.866025,1,21.6,13.3,59.06,11.8,64.5,0,1,0,0,0
0.707107,-0.900969,-0.0,1,18.5,9.5,55.91,17.6,24.4,0,1,0,0,0
-0.707107,0.62349,-0.866025,1,26.7,21.0,71.01,5.5,0.0,0,1,0,0,0
-0.866025,-0.900969,1.0,1,10.1,3.8,64.98,11.3,91.1,0,0,0,0,0
-0.866025,-0.222521,-0.5,1,28.0,14.7,44.36,21.6,82.9,0,1,0,0,0
0.866025,-0.222521,0.0,1,14.2,1.1,40.87,16.1,47.6,0,1,0,0,0
0.965926,-0.222521,0.5,0,13.5,9.3,75.46,6.7,44.6,0,1,0,0,0
-0.258819,-0.900969,-0.866025,1,12.7,9.5,80.62,17.7,99.2,0,1,1,0,0
-1.0,0.62349,-1.0,0,21.7,3.9,31.14,25.4,28.0,1,1,0,0,0
1.0,0.62349,1.0,0,6.0,1.6,73.4,7.4,100.0,0,0,0,0,0
1.0,-0.900969,-0.866025,1,13.2,5.1,57.72,4.8,24.4,0,1,0,0,0
-0.5,-0.222521,0.5,0,18.3,15.1,81.66,20.8,97.0,0,1,1,0,1
0.866025,-0.900969,0.5,1,3.8,1.7,86.0,11.3,99.6,0,0,1,0,0
0.258819,-0.222521,-0.5,1,15.6,10.7,72.92,17.0,99.6,1,1,0,0,0
0.866025,0.62349,-0.866025,0,25.2,17.9,63.67,10.8,49.8,1,1,0,0,0
-0.965926,0.62349,-0.866025,0,18.7,13.8,73.07,19.7,93.4,0,1,0,0,0
0.965926,0.62349,0.5,1,-0.8,-6.2,67.14,9.2,80.3,0,0,0,1,0
-0.0,0.62349,0.5,0,5.6,-10.7,29.88,20.3,0.0,0,0,0,0,0
0.258819,0.62349,-0.5,1,20.4,17.8,84.93,8.7,97.4,0,1,0,0,0
0.258819,-0.222521,-0.866025,1,22.7,19.9,84.56,4.8,58.1,0,1,1,0,0
-0.965926,-0.222521,-0.866025,0,26.6,16.2,52.68,17.6,83.9,1,1,0,0,0
-0.5,-0.900969,0.5,1,7.1,-1.8,53.08,13.2,24.4,0,0,0,0,0
-0.258819,-0.222521,0.5,1,13.7,-1.6,34.71,28.8,88.2,1,1,0,0,0
0.258819,-0.900969,0.5,1,9.3,-3.8,39.4,21.9,82.9,0,0,0,1,0
-0.5,1.0,0.866025,1,3.9,-5.1,52.1,20.2,92.1,0,0,0,0,0
-0.5,0.62349,0.5,1,2.8,1.7,92.18,0.3,100.0,0,0,0,0,1
-0.866025,-0.900969,0.5,1,-0.2,-17.3,26.25,34.6,24.4,0,0,0,0,0
0.707107,1.0,0.866025,1,-0.8,-8.3,57.06,8.9,0.0,0,0,0,0,0
1.0,-0.222521,-0.866025,1,24.9,22.8,88.49,0.5,54.5,0,1,1,0,0
-0.707107,-0.222521,-1.0,1,28.3,20.6,62.93,9.5,24.4,0,1,0,0,0
-0.5,-0.222521,0.866025,1,18.9,4.7,39.04,13.2,0.0,0,1,0,0,0
0.866025,-0.900969,-0.0,1,21.0,13.4,61.61,9.1,46.4,0,1,0,0,1
-0.0,1.0,0.866025,1,8.7,-4.3,39.49,0.1,46.2,1,1,0,0,0
0.258819,-0.900969,0.866025,1,8.2,-5.0,38.97,26.2,99.3,0,1,0,0,0
0.5,0.62349,-0.0,0,20.2,7.1,42.56,8.7,24.4,0,1,0,0,0
-0.258819,-0.222521,0.5,0,1.3,-8.3,48.74,8.7,79.3,0,0,0,0,0
0.258819,1.0,0.866025,1,14.2,7.9,65.6,12.5,100.0,0,0,0,0,0
-0.5,0.62349,0.866025,0,13.9,2.1,44.99,16.1,44.6,1,1,0,0,0
-1.0,-0.900969,1.0,1,11.2,4.9,65.4,12.0,24.4,0,0,0,0,0
-0.258819,-0.222521,0.866025,0,4.3,3.9,96.68,8.2,100.0,0,0,0,0,1
0.707107,0.62349,-0.866025,1,30.2,13.8,36.7,10.3,24.4,0,1,0,0,0
-0.965926,0.62349,0.866025,0,9.6,7.8,88.34,5.5,24.4,0,0,0,0,0
0.965926,-0.900969,0.866025,1,2.1,-8.3,46.19,22.4,86.5,0,1,0,0,0
0.965926,-0.900969,0.866025,1,1.9,-4.0,65.2,5.4,89.1,0,0,0,0,0
-0.258819,-0.222521,0.866025,0,2.7,-4.4,59.49,31.4,100.0,0,0,0,0,0
-0.0,1.0,0.866025,1,5.0,-0.8,66.35,6.7,93.8,0,0,0,0,0
-0.866025,-0.900969,0.5,1,11.8,10.2,90.19,13.6,100.0,0,0,1,0,1
0.965926,-0.222521,0.0,1,8.7,-2.4,45.67,11.2,81.1,0,1,0,0,0
-0.866025,-0.900969,-0.866025,1,28.3,18.3,54.71,12.7,0.0,0,1,0,0,0
0.707107,1.0,0.0,1,6.4,-1.5,57.37,8.7,24.4,0,1,0,0,0
0.5,0.62349,-0.5,0,21.3,13.1,59.58,8.3,99.6,0,1,0,0,0
-0.965926,-0.900969,-0.866025,1,29.0,22.1,66.55,14.4,86.7,0,1,0,0,0
-0.258819,-0.900969,-0.866025,1,19.3,11.1,59.36,16.1,79.3,0,1,0,0,0
0.0,1.0,0.0,1,-0.8,-11.0,45.7,15.6,90.1,0,1,0,0,0
0.258819,0.62349,-0.5,1,12.2,10.1,87.18,17.8,98.6,0,1,0,0,1
1.0,1.0,0.5,1,12.7,7.8,72.26,23.6,89.1,0,0,0,0,0
1.0,-0.222521,-0.5,1,23.7,21.6,88.14,9.1,83.6,0,1,0,0,1
0.258819,-0.900969,0.866025,1,12.1,10.7,91.0,16.9,96.4,0,0,0,0,0
0.965926,-0.222521,0.0,0,-3.9,-14.4,44.12,26.4,24.4,0,1,0,1,0
-0.707107,-0.900969,-0.0,1,23.3,7.8,36.94,16.4,25.8,1,1,0,0,0
-0.965926,-0.222521,0.5,0,16.2,10.1,67.07,14.7,82.3,1,1,0,0,0
-0.866025,-0.222521,0.5,0,22.2,17.1,73.1,16.2,91.1,1,1,0,0,0
-0.965926,-0.900969,0.0,1,14.3,1.1,40.72,18.2,96.4,0,1,0,0,0
0.0,-0.900969,1.0,1,7.1,6.6,96.85,0.3,84.1,0,0,0,0,1
-0.258819,-0.222521,0.866025,0,8.5,7.6,93.93,0.0,0.0,0,1,0,0,1
0.965926,0.62349,0.866025,1,2.7,-6.9,49.29,9.2,84.5,0,0,0,0,0
0.965926,-0.900969,-0.0,1,18.7,16.7,88.07,5.5,88.6,0,1,0,0,0
-1.0,0.62349,-0.5,0,21.6,20.0,90.52,19.9,74.8,0,1,1,0,1
-1.0,-0.222521,0.866025,0,23.3,17.8,70.92,22.3,83.8,1,1,0,0,1
-0.5,-0.222521,0.866025,0,15.7,14.5,92.63,5.2,99.2,0,0,0,0,1
0.707107,1.0,-1.0,1,21.9,8.4,42.03,17.8,79.3,0,1,0,0,0
-0.5,0.62349,1.0,0,5.5,3.4,85.85,7.4,100.0,0,0,0,0,0
-0.965926,-0.222521,-0.5,0,24.2,20.0,77.48,11.0,95.6,0,1,0,0,0
0.866025,1.0,0.866025,1,4.9,-7.2,41.18,24.3,24.4,0,1,0,0,0
0.707107,-0.222521,-0.866025,0,28.3,19.3,58.33,12.6,24.4,0,1,0,0,0
-0.965926,-0.222521,1.0,1,11.7,-1.0,41.1,0.2,44.6,0,0,0,0,0
0.0,-0.900969,-0.0,1,22.7,18.3,76.11,7.7,92.7,0,1,0,0,0
-0.5,0.62349,0.866025,1,14.3,13.8,96.98,9.0,100.0,1,1,0,0,1
-0.866025,-0.900969,-0.866025,1,28.1,16.1,48.0,16.6,86.1,0,1,0,0,0
-0.0,-0.900969,-0.866025,1,28.9,11.6,34.37,15.7,79.3,1,1,0,0,0
-0.965926,0.62349,-0.5,0,26.7,14.2,46.41,22.2,34.7,1,1,0,0,0
-0.258819,0.62349,0.0,0,1.4,-3.9,67.83,8.3,79.3,0,1,0,0,0
-0.866025,0.62349,0.5,0,3.3,-7.8,43.93,20.2,89.1,0,0,0,0,0
-0.965926,-0.222521,0.866025,0,-0.7,-11.2,44.93,18.3,0.0,0,0,0,1,0
-0.5,-0.900969,0.866025,1,16.0,4.9,47.69,29.2,84.6,0,1,0,0,0
0.258819,0.62349,-0.866025,0,23.7,19.3,76.36,15.8,79.3,0,1,0,0,0
0.5,-0.222521,0.5,0,8.7,4.4,74.42,11.0,0.0,0,1,0,0,0
-0.5,1.0,-1.0,1,16.0,5.5,49.84,10.6,44.6,0,1,0,0,0
0.965926,-0.900969,-0.5,1,22.5,19.1,81.28,12.2,79.3,0,1,0,0,0
-0.5,-0.900969,1.0,1,10.0,1.7,56.11,23.4,96.6,0,0,0,0,0
0.5,-0.900969,0.0,1,8.2,3.8,73.84,34.3,100.0,0,1,0,0,0
-0.258819,-0.222521,0.0,0,5.5,-3.4,52.86,15.6,79.3,0,1,0,0,0
0.965926,-0.900969,-0.0,1,15.6,7.1,57.2,18.4,82.2,0,1,0,0,0
0.5,-0.222521,-0.0,0,15.6,4.3,46.89,11.6,44.6,0,1,0,0,0
-0.707107,-0.900969,1.0,1,11.2,-2.5,38.26,11.7,79.3,0,0,0,0,0
0.707107,1.0,-0.5,1,28.1,21.1,65.86,11.0,46.2,0,1,0,0,0
0.0,-0.900969,1.0,1,6.0,3.3,82.74,12.2,97.4,0,0,0,0,0
-0.965926,0.62349,-1.0,0,24.4,17.8,66.88,16.1,82.3,1,1,0,0,0
-0.965926,-0.900969,0.5,1,18.8,17.8,93.78,13.2,100.0,0,1,1,0,1
1.0,1.0,0.866025,1,8.2,0.6,58.86,12.5,92.8,0,1,0,0,0
-0.5,0.62349,0.0,1,21.7,-0.1,23.5,14.5,44.6,1,1,0,0,0
-0.866025,-0.900969,-0.5,1,11.6,3.2,56.36,14.2,91.1,1,1,1,0,0
0.707107,-0.900969,0.0,1,9.8,7.9,87.62,0.0,90.1,0,1,0,0,0
0.965926,0.62349,-0.5,0,7.8,-1.1,53.61,20.7,79.3,0,1,0,0,0
0.707107,-0.900969,-0.866025,1,29.7,21.6,61.85,12.6,24.4,0,1,0,0,0
-0.5,-0.222521,0.0,1,4.4,0.2,74.63,0.0,24.4,0,1,0,0,0
-0.965926,-0.222521,0.866025,1,12.2,2.8,52.7,18.5,89.1,0,1,0,0,0
0.866025,0.62349,-0.0,0,23.2,19.2,78.17,9.1,47.6,0,1,0,0,0
0.707107,-0.222521,-1.0,0,21.5,19.4,87.68,10.6,24.4,0,1,0,0,0
-0.866025,1.0,-1.0,1,23.2,20.1,82.43,9.8,92.1,0,1,1,0,1
-0.965926,1.0,0.0,1,13.9,-2.2,32.93,18.2,79.3,0,1,0,1,0
-0.866025,-0.222521,0.0,0,11.7,-9.3,22.09,5.8,24.4,1,1,0,0,0
0.866025,0.62349,0.5,0,4.2,1.7,84.11,21.9,97.4,0,0,1,0,0
